{
    "2019-03-01-hybrid": {
        "Az": [
            "0.10.0-preview"
        ],
        "Az.Accounts": [
            "2.0.1-preview"
        ],
        "Az.Billing": [
            "0.10.0-preview"
        ],
        "Az.Compute": [
            "0.10.0-preview"
        ],
        "Az.DataBoxEdge": [
            "1.1.0"
        ],
        "Az.Dns": [
            "0.10.0-preview"
        ],
        "Az.EventHub": [
            "1.4.3"
        ],
        "Az.IotHub": [
            "0.10.0-preview"
        ],
        "Az.KeyVault": [
            "0.10.0-preview"
        ],
        "Az.Monitor": [
            "1.6.0"
        ],
        "Az.Network": [
            "0.10.0-preview"
        ],
        "Az.Resources": [
            "0.10.0-preview"
        ],
        "Az.Storage": [
            "0.10.0-preview"
        ],
        "Az.Websites": [
            "0.10.0-preview"
        ]
    },
    "2020-09-01-hybrid": {
        "Az": [
            "1.10.0"
        ],
        "Az.Accounts": [
            "2.2.8"
        ],
        "Az.Billing": [
            "0.11.0"
        ],
        "Az.Compute": [
            "3.3.0"
        ],
        "Az.DataBoxEdge": [
            "1.1.0"
        ],
        "Az.Dns": [
            "0.11.0"
        ],
        "Az.EventHub": [
            "1.4.3"
        ],
        "Az.IotHub": [
            "0.11.0"
        ],
        "Az.KeyVault": [
            "0.11.0"
        ],
        "Az.Monitor": [
            "1.6.0"
        ],
        "Az.Network": [
            "1.2.0"
        ],
        "Az.Resources": [
            "0.11.0"
        ],
        "Az.Storage": [
            "2.6.2"
        ],
        "Az.Websites": [
            "0.11.0"
        ]
    }
}