{
  "$schema": "http://schema.management.azure.com/schemas/2015-01-01/deploymentTemplate.json",
  "contentVersion": "1.0.0.0",
  "parameters": {
    "clusterLocation": {
      "type": "string",
      "defaultValue": "westus",
      "metadata": {
        "description": "Location of the Cluster"
      }
    },
    "clusterName": {
      "type": "string",
      "defaultValue": "GEN-UNIQUE",
      "metadata": {
        "description": "Name of your cluster - Between 3 and 23 characters. Letters and numbers only"
      }
    },
    "adminUserName": {
      "type": "string",
      "defaultValue": "GEN-UNIQUE",
      "metadata": {
        "description": "Remote desktop user Id"
      }
    },
    "adminPassword": {
      "type": "securestring",
      "defaultValue": "GEN-PASSWORD",
      "metadata": {
        "description": "Remote desktop user password. Must be a strong password"
      }
    },
    "vmImagePublisher": {
      "type": "string",
      "defaultValue": "Canonical",
      "metadata": {
        "description": "VM image Publisher"
      }
    },
    "vmImageOffer": {
      "type": "string",
      "defaultValue": "UbuntuServer",
      "metadata": {
        "description": "VM image offer"
      }
    },
    "vmImageSku": {
      "type": "string",
      "defaultValue": "16.04-LTS",
      "metadata": {
        "description": "VM image SKU"
      }
    },
    "vmImageVersion": {
      "type": "string",
      "defaultValue": "latest",
      "metadata": {
        "description": "VM image version"
      }
    },
    "loadBalancedAppPort1": {
      "type": "int",
      "defaultValue": 80,
      "metadata": {
        "description": "Input endpoint1 for the application to use. Replace it with what your application uses"
      }
    },
    "loadBalancedAppPort2": {
      "type": "int",
      "defaultValue": 8081,
      "metadata": {
        "description": "Input endpoint2 for the application to use. Replace it with what your application uses"
      }
    },
    "clusterProtectionLevel": {
      "type": "string",
      "allowedValues": [
        "None",
        "Sign",
        "EncryptAndSign"
      ],
      "defaultValue": "EncryptAndSign",
      "metadata": {
        "description": "Protection level.Three values are allowed - EncryptAndSign, Sign, None. It is best to keep the default of EncryptAndSign, unless you have a need not to"
      }
    },
    "certificateStoreValue": {
      "type": "string",
      "allowedValues": [
        "My"
      ],
      "defaultValue": "My",
      "metadata": {
        "description": "The store name where the cert will be deployed in the virtual machine"
      }
    },
    "certificateThumbprint": {
      "type": "string",
      "defaultValue": "GEN-CUSTOM-DOMAIN-SSLCERT-THUMBPRINT",
      "metadata": {
        "description": "Certificate Thumbprint"
      }
    },
    "sourceVaultValue": {
      "type": "string",
      "defaultValue": "GEN-KEYVAULT-RESOURCE-ID",
      "metadata": {
        "description": "Resource Id of the key vault, is should be in the format of /subscriptions/<Sub ID>/resourceGroups/<Resource group name>/providers/Microsoft.KeyVault/vaults/<vault name>"
      }
    },
    "certificateUrlValue": {
      "type": "string",
      "defaultValue": "GEN-KEYVAULT-SSL-SECRET-URI",
      "metadata": {
        "description": "Refers to the location URL in your key vault where the certificate was uploaded, it is should be in the format of https://<name of the vault>.vault.azure.net:443/secrets/<exact location>"
      }
    },
    "storageAccountType": {
      "type": "string",
      "allowedValues": [
        "Standard_LRS",
        "Standard_GRS"
      ],
      "defaultValue": "Standard_LRS",
      "metadata": {
        "description": "Replication option for the VM image storage account"
      }
    },
    "supportLogStorageAccountType": {
      "type": "string",
      "allowedValues": [
        "Standard_LRS",
        "Standard_GRS"
      ],
      "defaultValue": "Standard_LRS",
      "metadata": {
        "description": "Replication option for the support log storage account"
      }
    },
    "applicationDiagnosticsStorageAccountType": {
      "type": "string",
      "allowedValues": [
        "Standard_LRS",
        "Standard_GRS"
      ],
      "defaultValue": "Standard_LRS",
      "metadata": {
        "description": "Replication option for the application diagnostics storage account"
      }
    },
    "nt0InstanceCount": {
      "type": "int",
      "defaultValue": 5,
      "metadata": {
        "description": "Instance count for node type"
      }
    },
    "vmNodeType0Size": {
      "type": "string",
      "defaultValue": "Standard_D2_v2"
    }
  },
  "variables": {
    "computeLocation": "[parameters('clusterLocation')]",
    "dnsName": "[parameters('clusterName')]",
    "vmStorageAccountName": "[toLower(concat( 'sflogs', uniqueString(resourceGroup().id), '1' ))]",
    "vmName": "vm",
    "publicIPAddressName": "PublicIP-VM",
    "publicIPAddressType": "Dynamic",
    "vmStorageAccountContainerName": "vhds",
    "virtualNetworkName": "VNet",
    "addressPrefix": "10.0.0.0/16",
    "nicName": "NIC",
    "lbName": "LoadBalancer",
    "lbIPName": "PublicIP-LB-FE",
    "availSetName": "AvailabilitySet",
    "maxPercentUpgradeDomainDeltaUnhealthyNodes": "100",
    "vnetID": "[resourceId('Microsoft.Network/virtualNetworks',variables('virtualNetworkName'))]",
    "overProvision": "false",
    "vmssApiVersion": "2017-03-30",
    "sfrpApiVersion": "2017-07-01-preview",
    "lbApiVersion": "2015-06-15",
    "vNetApiVersion": "2015-06-15",
    "storageApiVersion": "2016-01-01",
    "publicIPApiVersion": "2015-06-15",
    "nt0applicationStartPort": "20000",
    "nt0applicationEndPort": "30000",
    "nt0ephemeralStartPort": "49152",
    "nt0ephemeralEndPort": "65534",
    "nt0fabricTcpGatewayPort": "19000",
    "nt0fabricHttpGatewayPort": "19080",
    "subnet0Name": "Subnet-0",
    "subnet0Prefix": "10.0.0.0/24",
    "subnet0Ref": "[concat(variables('vnetID'),'/subnets/',variables('subnet0Name'))]",
    "supportLogStorageAccountName": "[toLower( concat( uniqueString(resourceGroup().id),'2'))]",
    "applicationDiagnosticsStorageAccountName": "[toLower(concat('wad',uniqueString(resourceGroup().id), '3' ))]",
    "wadlogs": "<WadCfg><DiagnosticMonitorConfiguration>",
    "wadperfcounters1": "<PerformanceCounters scheduledTransferPeriod=\"PT1M\"><PerformanceCounterConfiguration counterSpecifier=\"\\Memory\\AvailableMemory\" sampleRate=\"PT15S\" unit=\"Bytes\"><annotation displayName=\"Memory available\" locale=\"en-us\"/></PerformanceCounterConfiguration><PerformanceCounterConfiguration counterSpecifier=\"\\Memory\\PercentAvailableMemory\" sampleRate=\"PT15S\" unit=\"Percent\"><annotation displayName=\"Mem. percent available\" locale=\"en-us\"/></PerformanceCounterConfiguration><PerformanceCounterConfiguration counterSpecifier=\"\\Memory\\UsedMemory\" sampleRate=\"PT15S\" unit=\"Bytes\"><annotation displayName=\"Memory used\" locale=\"en-us\"/></PerformanceCounterConfiguration><PerformanceCounterConfiguration counterSpecifier=\"\\Memory\\PercentUsedMemory\" sampleRate=\"PT15S\" unit=\"Percent\"><annotation displayName=\"Memory percentage\" locale=\"en-us\"/></PerformanceCounterConfiguration><PerformanceCounterConfiguration counterSpecifier=\"\\Memory\\PercentUsedByCache\" sampleRate=\"PT15S\" unit=\"Percent\"><annotation displayName=\"Mem. used by cache\" locale=\"en-us\"/></PerformanceCounterConfiguration><PerformanceCounterConfiguration counterSpecifier=\"\\Processor\\PercentIdleTime\" sampleRate=\"PT15S\" unit=\"Percent\"><annotation displayName=\"CPU idle time\" locale=\"en-us\"/></PerformanceCounterConfiguration><PerformanceCounterConfiguration counterSpecifier=\"\\Processor\\PercentUserTime\" sampleRate=\"PT15S\" unit=\"Percent\"><annotation displayName=\"CPU user time\" locale=\"en-us\"/></PerformanceCounterConfiguration><PerformanceCounterConfiguration counterSpecifier=\"\\Processor\\PercentProcessorTime\" sampleRate=\"PT15S\" unit=\"Percent\"><annotation displayName=\"CPU percentage guest OS\" locale=\"en-us\"/></PerformanceCounterConfiguration><PerformanceCounterConfiguration counterSpecifier=\"\\Processor\\PercentIOWaitTime\" sampleRate=\"PT15S\" unit=\"Percent\"><annotation displayName=\"CPU IO wait time\" locale=\"en-us\"/></PerformanceCounterConfiguration>",
    "wadperfcounters2": "<PerformanceCounterConfiguration counterSpecifier=\"\\PhysicalDisk\\BytesPerSecond\" sampleRate=\"PT15S\" unit=\"BytesPerSecond\"><annotation displayName=\"Disk total bytes\" locale=\"en-us\"/></PerformanceCounterConfiguration><PerformanceCounterConfiguration counterSpecifier=\"\\PhysicalDisk\\ReadBytesPerSecond\" sampleRate=\"PT15S\" unit=\"BytesPerSecond\"><annotation displayName=\"Disk read guest OS\" locale=\"en-us\"/></PerformanceCounterConfiguration><PerformanceCounterConfiguration counterSpecifier=\"\\PhysicalDisk\\WriteBytesPerSecond\" sampleRate=\"PT15S\" unit=\"BytesPerSecond\"><annotation displayName=\"Disk write guest OS\" locale=\"en-us\"/></PerformanceCounterConfiguration><PerformanceCounterConfiguration counterSpecifier=\"\\PhysicalDisk\\TransfersPerSecond\" sampleRate=\"PT15S\" unit=\"CountPerSecond\"><annotation displayName=\"Disk transfers\" locale=\"en-us\"/></PerformanceCounterConfiguration><PerformanceCounterConfiguration counterSpecifier=\"\\PhysicalDisk\\ReadsPerSecond\" sampleRate=\"PT15S\" unit=\"CountPerSecond\"><annotation displayName=\"Disk reads\" locale=\"en-us\"/></PerformanceCounterConfiguration><PerformanceCounterConfiguration counterSpecifier=\"\\PhysicalDisk\\WritesPerSecond\" sampleRate=\"PT15S\" unit=\"CountPerSecond\"><annotation displayName=\"Disk writes\" locale=\"en-us\"/></PerformanceCounterConfiguration><PerformanceCounterConfiguration counterSpecifier=\"\\PhysicalDisk\\AverageReadTime\" sampleRate=\"PT15S\" unit=\"Seconds\"><annotation displayName=\"Disk read time\" locale=\"en-us\"/></PerformanceCounterConfiguration><PerformanceCounterConfiguration counterSpecifier=\"\\PhysicalDisk\\AverageWriteTime\" sampleRate=\"PT15S\" unit=\"Seconds\"><annotation displayName=\"Disk write time\" locale=\"en-us\"/></PerformanceCounterConfiguration><PerformanceCounterConfiguration counterSpecifier=\"\\PhysicalDisk\\AverageTransferTime\" sampleRate=\"PT15S\" unit=\"Seconds\"><annotation displayName=\"Disk transfer time\" locale=\"en-us\"/></PerformanceCounterConfiguration><PerformanceCounterConfiguration counterSpecifier=\"\\PhysicalDisk\\AverageDiskQueueLength\" sampleRate=\"PT15S\" unit=\"Count\"><annotation displayName=\"Disk queue length\" locale=\"en-us\"/></PerformanceCounterConfiguration></PerformanceCounters>",
    "wadcfgxstart": "[concat(variables('wadlogs'),variables('wadperfcounters1'),variables('wadperfcounters2'),'<Metrics resourceId=\"')]",
    "wadcfgxend": "[concat('\"><MetricAggregation scheduledTransferPeriod=\"PT1H\"/><MetricAggregation scheduledTransferPeriod=\"PT1M\"/></Metrics></DiagnosticMonitorConfiguration></WadCfg>')]",
    "lbID0": "[resourceId('Microsoft.Network/loadBalancers',concat('LB','-', parameters('clusterName'),'-',variables('vmNodeType0Name')))]",
    "lbIPConfig0": "[concat(variables('lbID0'),'/frontendIPConfigurations/LoadBalancerIPConfig')]",
    "lbPoolID0": "[concat(variables('lbID0'),'/backendAddressPools/LoadBalancerBEAddressPool')]",
    "lbProbeID0": "[concat(variables('lbID0'),'/probes/FabricGatewayProbe')]",
    "lbHttpProbeID0": "[concat(variables('lbID0'),'/probes/FabricHttpGatewayProbe')]",
    "lbNatPoolID0": "[concat(variables('lbID0'),'/inboundNatPools/LoadBalancerBEAddressNatPool')]",
    "vmNodeType0Name": "[toLower(concat('NT1', variables('vmName')))]",
    "vmStorageAccountName0": "[toLower(concat(uniqueString(resourceGroup().id), '1', '0' ))]",
    "wadmetricsresourceid0": "[concat('/subscriptions/',subscription().subscriptionId,'/resourceGroups/',resourceGroup().name ,'/providers/','Microsoft.Compute/virtualMachineScaleSets/', variables('vmNodeType0Name'))]"
  },
  "resources": [
    {
      "apiVersion": "[variables('storageApiVersion')]",
      "type": "Microsoft.Storage/storageAccounts",
      "name": "[variables('supportLogStorageAccountName')]",
      "location": "[variables('computeLocation')]",
      "dependsOn": [],
      "properties": {},
      "kind": "Storage",
      "sku": {
        "name": "[parameters('supportLogStorageAccountType')]"
      },
      "tags": {
        "resourceType": "Service Fabric",
        "clusterName": "[parameters('clusterName')]"
      }
    },
    {
      "apiVersion": "[variables('storageApiVersion')]",
      "type": "Microsoft.Storage/storageAccounts",
      "name": "[variables('applicationDiagnosticsStorageAccountName')]",
      "location": "[variables('computeLocation')]",
      "dependsOn": [],
      "properties": {},
      "kind": "Storage",
      "sku": {
        "name": "[parameters('applicationDiagnosticsStorageAccountType')]"
      },
      "tags": {
        "resourceType": "Service Fabric",
        "clusterName": "[parameters('clusterName')]"
      }
    },
    {
      "apiVersion": "[variables('vNetApiVersion')]",
      "type": "Microsoft.Network/virtualNetworks",
      "name": "[variables('virtualNetworkName')]",
      "location": "[variables('computeLocation')]",
      "dependsOn": [],
      "properties": {
        "addressSpace": {
          "addressPrefixes": [
            "[variables('addressPrefix')]"
          ]
        },
        "subnets": [
          {
            "name": "[variables('subnet0Name')]",
            "properties": {
              "addressPrefix": "[variables('subnet0Prefix')]"
            }
          }
        ]
      },
      "tags": {
        "resourceType": "Service Fabric",
        "clusterName": "[parameters('clusterName')]"
      }
    },
    {
      "apiVersion": "[variables('publicIPApiVersion')]",
      "type": "Microsoft.Network/publicIPAddresses",
      "name": "[concat(variables('lbIPName'),'-',variables('vmNodeType0Name'))]",
      "location": "[variables('computeLocation')]",
      "properties": {
        "dnsSettings": {
          "domainNameLabel": "[variables('dnsName')]"
        },
        "publicIPAllocationMethod": "Dynamic"
      },
      "tags": {
        "resourceType": "Service Fabric",
        "clusterName": "[parameters('clusterName')]"
      }
    },
    {
      "apiVersion": "[variables('lbApiVersion')]",
      "type": "Microsoft.Network/loadBalancers",
      "name": "[concat('LB','-', parameters('clusterName'),'-',variables('vmNodeType0Name'))]",
      "location": "[variables('computeLocation')]",
      "dependsOn": [
        "[concat('Microsoft.Network/publicIPAddresses/',concat(variables('lbIPName'),'-',variables('vmNodeType0Name')))]"
      ],
      "properties": {
        "frontendIPConfigurations": [
          {
            "name": "LoadBalancerIPConfig",
            "properties": {
              "publicIPAddress": {
                "id": "[resourceId('Microsoft.Network/publicIPAddresses',concat(variables('lbIPName'),'-',variables('vmNodeType0Name')))]"
              }
            }
          }
        ],
        "backendAddressPools": [
          {
            "name": "LoadBalancerBEAddressPool",
            "properties": {}
          }
        ],
        "loadBalancingRules": [
          {
            "name": "LBRule",
            "properties": {
              "backendAddressPool": {
                "id": "[variables('lbPoolID0')]"
              },
              "backendPort": "[variables('nt0fabricTcpGatewayPort')]",
              "enableFloatingIP": "false",
              "frontendIPConfiguration": {
                "id": "[variables('lbIPConfig0')]"
              },
              "frontendPort": "[variables('nt0fabricTcpGatewayPort')]",
              "idleTimeoutInMinutes": "5",
              "probe": {
                "id": "[variables('lbProbeID0')]"
              },
              "protocol": "tcp"
            }
          },
          {
            "name": "LBHttpRule",
            "properties": {
              "backendAddressPool": {
                "id": "[variables('lbPoolID0')]"
              },
              "backendPort": "[variables('nt0fabricHttpGatewayPort')]",
              "enableFloatingIP": "false",
              "frontendIPConfiguration": {
                "id": "[variables('lbIPConfig0')]"
              },
              "frontendPort": "[variables('nt0fabricHttpGatewayPort')]",
              "idleTimeoutInMinutes": "5",
              "probe": {
                "id": "[variables('lbHttpProbeID0')]"
              },
              "protocol": "tcp"
            }
          },
          {
            "name": "AppPortLBRule1",
            "properties": {
              "backendAddressPool": {
                "id": "[variables('lbPoolID0')]"
              },
              "backendPort": "[parameters('loadBalancedAppPort1')]",
              "enableFloatingIP": "false",
              "frontendIPConfiguration": {
                "id": "[variables('lbIPConfig0')]"
              },
              "frontendPort": "[parameters('loadBalancedAppPort1')]",
              "idleTimeoutInMinutes": "5",
              "probe": {
                "id": "[concat(variables('lbID0'),'/probes/AppPortProbe1')]"
              },
              "protocol": "tcp"
            }
          },
          {
            "name": "AppPortLBRule2",
            "properties": {
              "backendAddressPool": {
                "id": "[variables('lbPoolID0')]"
              },
              "backendPort": "[parameters('loadBalancedAppPort2')]",
              "enableFloatingIP": "false",
              "frontendIPConfiguration": {
                "id": "[variables('lbIPConfig0')]"
              },
              "frontendPort": "[parameters('loadBalancedAppPort2')]",
              "idleTimeoutInMinutes": "5",
              "probe": {
                "id": "[concat(variables('lbID0'),'/probes/AppPortProbe2')]"
              },
              "protocol": "tcp"
            }
          }
        ],
        "probes": [
          {
            "name": "FabricGatewayProbe",
            "properties": {
              "intervalInSeconds": 5,
              "numberOfProbes": 2,
              "port": "[variables('nt0fabricTcpGatewayPort')]",
              "protocol": "tcp"
            }
          },
          {
            "name": "FabricHttpGatewayProbe",
            "properties": {
              "intervalInSeconds": 5,
              "numberOfProbes": 2,
              "port": "[variables('nt0fabricHttpGatewayPort')]",
              "protocol": "tcp"
            }
          },
          {
            "name": "AppPortProbe1",
            "properties": {
              "intervalInSeconds": 5,
              "numberOfProbes": 2,
              "port": "[parameters('loadBalancedAppPort1')]",
              "protocol": "tcp"
            }
          },
          {
            "name": "AppPortProbe2",
            "properties": {
              "intervalInSeconds": 5,
              "numberOfProbes": 2,
              "port": "[parameters('loadBalancedAppPort2')]",
              "protocol": "tcp"
            }
          }
        ],
        "inboundNatPools": [
          {
            "name": "LoadBalancerBEAddressNatPool",
            "properties": {
              "backendPort": "22",
              "frontendIPConfiguration": {
                "id": "[variables('lbIPConfig0')]"
              },
              "frontendPortRangeEnd": "4500",
              "frontendPortRangeStart": "3389",
              "protocol": "tcp"
            }
          }
        ]
      },
      "tags": {
        "resourceType": "Service Fabric",
        "clusterName": "[parameters('clusterName')]"
      }
    },
    {
      "apiVersion": "[variables('vmssApiVersion')]",
      "type": "Microsoft.Compute/virtualMachineScaleSets",
      "name": "[variables('vmNodeType0Name')]",
      "location": "[variables('computeLocation')]",
      "dependsOn": [
        "[concat('Microsoft.Network/virtualNetworks/', variables('virtualNetworkName'))]",
        "[concat('Microsoft.Network/loadBalancers/', concat('LB','-', parameters('clusterName'),'-',variables('vmNodeType0Name')))]",
        "[concat('Microsoft.Storage/storageAccounts/', variables('supportLogStorageAccountName'))]",
        "[concat('Microsoft.Storage/storageAccounts/', variables('applicationDiagnosticsStorageAccountName'))]"
      ],
      "properties": {
        "overprovision": "[variables('overProvision')]",
        "upgradePolicy": {
          "mode": "Automatic"
        },
        "virtualMachineProfile": {
          "extensionProfile": {
            "extensions": [
              {
                "name": "[concat('ServiceFabricNodeVmExt','_vmNodeType0Name')]",
                "properties": {
                  "type": "ServiceFabricLinuxNode",
                  "autoUpgradeMinorVersion": true,
                  "protectedSettings": {
                    "StorageAccountKey1": "[listKeys(resourceId('Microsoft.Storage/storageAccounts', variables('supportLogStorageAccountName')),'2015-05-01-preview').key1]",
                    "StorageAccountKey2": "[listKeys(resourceId('Microsoft.Storage/storageAccounts', variables('supportLogStorageAccountName')),'2015-05-01-preview').key2]"
                  },
                  "publisher": "Microsoft.Azure.ServiceFabric",
                  "settings": {
                    "clusterEndpoint": "[reference(parameters('clusterName')).clusterEndpoint]",
                    "nodeTypeRef": "[variables('vmNodeType0Name')]",
                    "durabilityLevel": "Bronze",
                    "enableParallelJobs": true,
                    "nicPrefixOverride": "[variables('subnet0Prefix')]",
                    "certificate": {
                      "thumbprint": "[parameters('certificateThumbprint')]",
                      "x509StoreName": "[parameters('certificateStoreValue')]"
                    }
                  },
                  "typeHandlerVersion": "1.0"
                }
              },
              {
                "name": "[concat('VMDiagnosticsVmExt','_vmNodeType0Name')]",
                "properties": {
                  "type": "LinuxDiagnostic",
                  "autoUpgradeMinorVersion": true,
                  "protectedSettings": {
                    "storageAccountName": "[variables('applicationDiagnosticsStorageAccountName')]",
                    "storageAccountKey": "[listKeys(resourceId('Microsoft.Storage/storageAccounts', variables('applicationDiagnosticsStorageAccountName')),'2015-05-01-preview').key1]",
                    "storageAccountEndPoint": "https://core.windows.net/"
                  },
                  "publisher": "Microsoft.OSTCExtensions",
                  "settings": {
                    "xmlCfg": "[base64(concat(variables('wadcfgxstart'),variables('wadmetricsresourceid0'),variables('wadcfgxend')))]",
                    "StorageAccount": "[variables('applicationDiagnosticsStorageAccountName')]"
                  },
                  "typeHandlerVersion": "2.3"
                }
              }
            ]
          },
          "networkProfile": {
            "networkInterfaceConfigurations": [
              {
                "name": "[concat(variables('nicName'), '-0')]",
                "properties": {
                  "ipConfigurations": [
                    {
                      "name": "[concat(variables('nicName'),'-',0)]",
                      "properties": {
                        "loadBalancerBackendAddressPools": [
                          {
                            "id": "[variables('lbPoolID0')]"
                          }
                        ],
                        "loadBalancerInboundNatPools": [
                          {
                            "id": "[variables('lbNatPoolID0')]"
                          }
                        ],
                        "subnet": {
                          "id": "[variables('subnet0Ref')]"
                        }
                      }
                    }
                  ],
                  "primary": true
                }
              }
            ]
          },
          "osProfile": {
            "adminPassword": "[parameters('adminPassword')]",
            "adminUsername": "[parameters('adminUsername')]",
            "computernamePrefix": "[variables('vmNodeType0Name')]",
            "secrets": [
              {
                "sourceVault": {
                  "id": "[parameters('sourceVaultValue')]"
                },
                "vaultCertificates": [
                  {
                    "certificateUrl": "[parameters('certificateUrlValue')]"
                  }
                ]
              }
            ]
          },
          "storageProfile": {
            "imageReference": {
              "publisher": "[parameters('vmImagePublisher')]",
              "offer": "[parameters('vmImageOffer')]",
              "sku": "[parameters('vmImageSku')]",
              "version": "[parameters('vmImageVersion')]"
            },
            "osDisk": {
              "caching": "ReadOnly",
              "createOption": "FromImage",
              "managedDisk": {
                "storageAccountType": "[parameters('storageAccountType')]"
              }
            }
          }
        }
      },
      "sku": {
        "name": "[parameters('vmNodeType0Size')]",
        "capacity": "[parameters('nt0InstanceCount')]",
        "tier": "Standard"
      },
      "tags": {
        "resourceType": "Service Fabric",
        "clusterName": "[parameters('clusterName')]"
      }
    },
    {
      "apiVersion": "[variables('sfrpApiVersion')]",
      "type": "Microsoft.ServiceFabric/clusters",
      "name": "[parameters('clusterName')]",
      "location": "[parameters('clusterLocation')]",
      "dependsOn": [
        "[concat('Microsoft.Storage/storageAccounts/', variables('supportLogStorageAccountName'))]"
      ],
      "properties": {
        "addonFeatures": [
          "DnsService",
          "RepairManager"
        ],
        "certificate": {
          "thumbprint": "[parameters('certificateThumbprint')]",
          "x509StoreName": "[parameters('certificateStoreValue')]"
        },
        "clusterState": "Default",
        "diagnosticsStorageAccountConfig": {
          "blobEndpoint": "[reference(concat('Microsoft.Storage/storageAccounts/', variables('supportLogStorageAccountName')), variables('storageApiVersion')).primaryEndpoints.blob]",
          "protectedAccountKeyName": "StorageAccountKey1",
          "queueEndpoint": "[reference(concat('Microsoft.Storage/storageAccounts/', variables('supportLogStorageAccountName')), variables('storageApiVersion')).primaryEndpoints.queue]",
          "storageAccountName": "[variables('supportLogStorageAccountName')]",
          "tableEndpoint": "[reference(concat('Microsoft.Storage/storageAccounts/', variables('supportLogStorageAccountName')), variables('storageApiVersion')).primaryEndpoints.table]"
        },
        "fabricSettings": [
          {
            "parameters": [
              {
                "name": "ClusterProtectionLevel",
                "value": "[parameters('clusterProtectionLevel')]"
              }
            ],
            "name": "Security"
          }
        ],
        "managementEndpoint": "[concat('https://',reference(concat(variables('lbIPName'),'-',variables('vmNodeType0Name'))).dnsSettings.fqdn,':',variables('nt0fabricHttpGatewayPort'))]",
        "nodeTypes": [
          {
            "name": "[variables('vmNodeType0Name')]",
            "applicationPorts": {
              "endPort": "[variables('nt0applicationEndPort')]",
              "startPort": "[variables('nt0applicationStartPort')]"
            },
            "clientConnectionEndpointPort": "[variables('nt0fabricTcpGatewayPort')]",
            "durabilityLevel": "Bronze",
            "ephemeralPorts": {
              "endPort": "[variables('nt0ephemeralEndPort')]",
              "startPort": "[variables('nt0ephemeralStartPort')]"
            },
            "httpGatewayEndpointPort": "[variables('nt0fabricHttpGatewayPort')]",
            "isPrimary": true,
            "vmInstanceCount": "[parameters('nt0InstanceCount')]"
          }
        ],
        "provisioningState": "Default",
        "reliabilityLevel": "Silver",
        "upgradeMode": "Automatic",
        "vmImage": "Linux"
      },
      "tags": {
        "resourceType": "Service Fabric",
        "clusterName": "[parameters('clusterName')]"
      }
    }
  ],
  "outputs": {
    "clusterProperties": {
      "value": "[reference(parameters('clusterName'))]",
      "type": "object"
    }
  }
}