<?xml version="1.0" encoding="utf-8"?>
<helpItems xmlns="http://msh" schema="maml">

<command:command xmlns:maml="http://schemas.microsoft.com/maml/2004/10" xmlns:command="http://schemas.microsoft.com/maml/dev/command/2004/10" xmlns:dev="http://schemas.microsoft.com/maml/dev/2004/10" xmlns:MSHelp="http://msdn.microsoft.com/mshelp">
<command:details><command:name>Get-UsageAggregates</command:name>
<command:verb>Get</command:verb>
<command:noun>UsageAggregates</command:noun>
<maml:description><maml:para>Gets the reported Azure subscription usage details.
</maml:para>
</maml:description>
</command:details>
<maml:description><maml:para>The Get-UsageAggregates cmdlet gets aggregated Azure subscription usage data by the following properties: 
</maml:para>
<maml:para>- Start and end times of when the usage was reported.
</maml:para>
<maml:para>- Aggregation precision, either daily or hourly.
</maml:para>
<maml:para>- Instance level detail for multiple instances of the same resource.
</maml:para>
<maml:para>For consistent results, the returned data is based on when the usage details were reported by the Azure resource.
</maml:para>
<maml:para>For more information, see Azure Billing REST API Referencehttps://msdn.microsoft.com/library/azure/1ea5b323-54bb-423d-916f-190de96c6a3c (https://msdn.microsoft.com/library/azure/1ea5b323-54bb-423d-916f-190de96c6a3c) in the Microsoft Developer Network library.
</maml:para>
</maml:description>
<command:syntax><command:syntaxItem><maml:name>Get-UsageAggregates</maml:name>
<command:parameter required="false" variableLength="true" globbing="false" pipelineInput="False" position="named" aliases="none"><maml:name>AggregationGranularity</maml:name>
<maml:Description><maml:para>Specifies the aggregation precision of the data. Valid values are: Daily and Hourly.
</maml:para>
<maml:para>The default value is Daily.
</maml:para>
</maml:Description>
<command:parameterValueGroup><command:parameterValue required="false" variableLength="false">Daily</command:parameterValue>
<command:parameterValue required="false" variableLength="false">Hourly</command:parameterValue>
</command:parameterValueGroup>
<command:parameterValue required="true" variableLength="false">AggregationGranularity</command:parameterValue>
<dev:type><maml:name>AggregationGranularity</maml:name>
<maml:uri /></dev:type>
<dev:defaultValue>None</dev:defaultValue>
</command:parameter>
<command:parameter required="false" variableLength="true" globbing="false" pipelineInput="False" position="named" aliases="none"><maml:name>ContinuationToken</maml:name>
<maml:Description><maml:para>Specifies the continuation token that was retrieved from the response body in the previous call. For a large result set, responses are paged by using continuation tokens. The continuation token serves as a bookmark for progress. If you do not specify this parameter, the data is retrieved from the beginning of the day or hour specified in ReportedStartTime . We recommend that you follow the next link in the response to page though the data.
</maml:para>
</maml:Description>
<command:parameterValue required="true" variableLength="false">String</command:parameterValue>
<dev:type><maml:name>String</maml:name>
<maml:uri /></dev:type>
<dev:defaultValue>None</dev:defaultValue>
</command:parameter>
<command:parameter required="false" variableLength="true" globbing="false" pipelineInput="False" position="named" aliases="AzureRmContext, AzureCredential"><maml:name>DefaultProfile</maml:name>
<maml:Description><maml:para>The credentials, account, tenant, and subscription used for communication with azure.
</maml:para>
</maml:Description>
<command:parameterValue required="true" variableLength="false">IAzureContextContainer</command:parameterValue>
<dev:type><maml:name>IAzureContextContainer</maml:name>
<maml:uri /></dev:type>
<dev:defaultValue>None</dev:defaultValue>
</command:parameter>
<command:parameter required="true" variableLength="true" globbing="false" pipelineInput="False" position="named" aliases="none"><maml:name>ReportedEndTime</maml:name>
<maml:Description><maml:para>Specifies the reported end time for when resource usage was recorded in the Azure billing system.
</maml:para>
<maml:para>Azure is a distributed system, spanning multiple datacenters around the world, so there is a delay between when the resource was actually consumed, which is the resource usage time, and when the usage event reached the billing system, which is the resource usage reported time. In order to get all usage events for a subscription that are reported for a time period, you query by reported time. Even though you query by reported time, the cmdlet aggregates the response data by the resource usage time. The resource usage data is the useful pivot for analyzing the data.
</maml:para>
</maml:Description>
<command:parameterValue required="true" variableLength="false">DateTime</command:parameterValue>
<dev:type><maml:name>DateTime</maml:name>
<maml:uri /></dev:type>
<dev:defaultValue>None</dev:defaultValue>
</command:parameter>
<command:parameter required="true" variableLength="true" globbing="false" pipelineInput="False" position="named" aliases="none"><maml:name>ReportedStartTime</maml:name>
<maml:Description><maml:para>Specifies the reported start time for when resource usage was recorded in the Azure billing system.
</maml:para>
</maml:Description>
<command:parameterValue required="true" variableLength="false">DateTime</command:parameterValue>
<dev:type><maml:name>DateTime</maml:name>
<maml:uri /></dev:type>
<dev:defaultValue>None</dev:defaultValue>
</command:parameter>
<command:parameter required="false" variableLength="true" globbing="false" pipelineInput="False" position="named" aliases="none"><maml:name>ShowDetails</maml:name>
<maml:Description><maml:para>Indicates whether this cmdlet returns instance-level details with the usage data.
</maml:para>
<maml:para>The default value is $True.
</maml:para>
<maml:para>If $False, the service aggregates the results on the server side, and therefore returns fewer aggregate groups. For example, if you are running three websites, by default you will get three line items for website consumption. However, when the value is $False, all the data for the same subscriptionId , meterId , usageStartTime , and usageEndTime is collapsed into a single line item.
</maml:para>
</maml:Description>
<command:parameterValue required="true" variableLength="false">Boolean</command:parameterValue>
<dev:type><maml:name>Boolean</maml:name>
<maml:uri /></dev:type>
<dev:defaultValue>None</dev:defaultValue>
</command:parameter>
</command:syntaxItem>
</command:syntax>
<command:parameters><command:parameter required="false" variableLength="true" globbing="false" pipelineInput="False" position="named" aliases="none"><maml:name>AggregationGranularity</maml:name>
<maml:Description><maml:para>Specifies the aggregation precision of the data. Valid values are: Daily and Hourly.
</maml:para>
<maml:para>The default value is Daily.
</maml:para>
</maml:Description>
<command:parameterValue required="true" variableLength="false">AggregationGranularity</command:parameterValue>
<dev:type><maml:name>AggregationGranularity</maml:name>
<maml:uri /></dev:type>
<dev:defaultValue>None</dev:defaultValue>
</command:parameter>
<command:parameter required="false" variableLength="true" globbing="false" pipelineInput="False" position="named" aliases="none"><maml:name>ContinuationToken</maml:name>
<maml:Description><maml:para>Specifies the continuation token that was retrieved from the response body in the previous call. For a large result set, responses are paged by using continuation tokens. The continuation token serves as a bookmark for progress. If you do not specify this parameter, the data is retrieved from the beginning of the day or hour specified in ReportedStartTime . We recommend that you follow the next link in the response to page though the data.
</maml:para>
</maml:Description>
<command:parameterValue required="true" variableLength="false">String</command:parameterValue>
<dev:type><maml:name>String</maml:name>
<maml:uri /></dev:type>
<dev:defaultValue>None</dev:defaultValue>
</command:parameter>
<command:parameter required="false" variableLength="true" globbing="false" pipelineInput="False" position="named" aliases="AzureRmContext, AzureCredential"><maml:name>DefaultProfile</maml:name>
<maml:Description><maml:para>The credentials, account, tenant, and subscription used for communication with azure.
</maml:para>
</maml:Description>
<command:parameterValue required="true" variableLength="false">IAzureContextContainer</command:parameterValue>
<dev:type><maml:name>IAzureContextContainer</maml:name>
<maml:uri /></dev:type>
<dev:defaultValue>None</dev:defaultValue>
</command:parameter>
<command:parameter required="true" variableLength="true" globbing="false" pipelineInput="False" position="named" aliases="none"><maml:name>ReportedEndTime</maml:name>
<maml:Description><maml:para>Specifies the reported end time for when resource usage was recorded in the Azure billing system.
</maml:para>
<maml:para>Azure is a distributed system, spanning multiple datacenters around the world, so there is a delay between when the resource was actually consumed, which is the resource usage time, and when the usage event reached the billing system, which is the resource usage reported time. In order to get all usage events for a subscription that are reported for a time period, you query by reported time. Even though you query by reported time, the cmdlet aggregates the response data by the resource usage time. The resource usage data is the useful pivot for analyzing the data.
</maml:para>
</maml:Description>
<command:parameterValue required="true" variableLength="false">DateTime</command:parameterValue>
<dev:type><maml:name>DateTime</maml:name>
<maml:uri /></dev:type>
<dev:defaultValue>None</dev:defaultValue>
</command:parameter>
<command:parameter required="true" variableLength="true" globbing="false" pipelineInput="False" position="named" aliases="none"><maml:name>ReportedStartTime</maml:name>
<maml:Description><maml:para>Specifies the reported start time for when resource usage was recorded in the Azure billing system.
</maml:para>
</maml:Description>
<command:parameterValue required="true" variableLength="false">DateTime</command:parameterValue>
<dev:type><maml:name>DateTime</maml:name>
<maml:uri /></dev:type>
<dev:defaultValue>None</dev:defaultValue>
</command:parameter>
<command:parameter required="false" variableLength="true" globbing="false" pipelineInput="False" position="named" aliases="none"><maml:name>ShowDetails</maml:name>
<maml:Description><maml:para>Indicates whether this cmdlet returns instance-level details with the usage data.
</maml:para>
<maml:para>The default value is $True.
</maml:para>
<maml:para>If $False, the service aggregates the results on the server side, and therefore returns fewer aggregate groups. For example, if you are running three websites, by default you will get three line items for website consumption. However, when the value is $False, all the data for the same subscriptionId , meterId , usageStartTime , and usageEndTime is collapsed into a single line item.
</maml:para>
</maml:Description>
<command:parameterValue required="true" variableLength="false">Boolean</command:parameterValue>
<dev:type><maml:name>Boolean</maml:name>
<maml:uri /></dev:type>
<dev:defaultValue>None</dev:defaultValue>
</command:parameter>
</command:parameters>
<command:inputTypes><command:inputType><dev:type><maml:name>None</maml:name>
</dev:type>
<maml:description><maml:para>This cmdlet does not accept any input.
</maml:para>
</maml:description>
</command:inputType>
</command:inputTypes>
<command:returnValues><command:returnValue><dev:type><maml:name>Microsoft.Azure.Commerce.UsageAggregates.Models.UsageAggregationGetResponse</maml:name>
</dev:type>
<maml:description><maml:para>
</maml:para>
</maml:description>
</command:returnValue>
</command:returnValues>
<maml:alertSet><maml:alert><maml:para>
</maml:para>
</maml:alert>
</maml:alertSet>
<command:examples><command:example><maml:title>Example 1: Retrieve subscription data</maml:title>
<dev:code>PS C:\&gt;Get-UsageAggregates -ReportedStartTime "5/2/2015" -ReportedEndTime "5/5/2015"</dev:code>
<dev:remarks><maml:para>This command retrieves the reported usage data for the subscription between 5/2/2015 and 5/5/2015.
</maml:para>
<maml:para></maml:para>
<maml:para></maml:para>
</dev:remarks>
</command:example>
</command:examples>
<command:relatedLinks><maml:navigationLink><maml:linkText>Online Version:</maml:linkText>
<maml:uri>https://docs.microsoft.com/en-us/powershell/module/azurerm.usageaggregates/get-usageaggregates</maml:uri>
</maml:navigationLink>
</command:relatedLinks>
</command:command>
</helpItems>