﻿<?xml version="1.0" encoding="utf-8"?>
<helpItems xmlns="http://msh" schema="maml">

<command:command xmlns:maml="http://schemas.microsoft.com/maml/2004/10" xmlns:command="http://schemas.microsoft.com/maml/dev/command/2004/10" xmlns:dev="http://schemas.microsoft.com/maml/dev/2004/10" xmlns:MSHelp="http://msdn.microsoft.com/mshelp">
<command:details><command:name>Get-AzModule</command:name>
<command:verb>Get</command:verb>
<command:noun>AzModule</command:noun>
<maml:description><maml:para>Returns the versions of an Az module that support a given profile.
</maml:para>
</maml:description>
</command:details>
<maml:description><maml:para>Returns the versions of an Az module that support a given profile.
</maml:para>
</maml:description>
<command:syntax><command:syntaxItem><maml:name>Get-AzModule</maml:name>
<command:parameter required="true" variableLength="true" globbing="false" pipelineInput="True (ByValue)" position="0" aliases="none"><maml:name>Profile</maml:name>
<maml:Description><maml:para>The profile version to check for the given module.
</maml:para>
</maml:Description>
<command:parameterValueGroup><command:parameterValue required="false" variableLength="false">2017-03-09-profile</command:parameterValue>
<command:parameterValue required="false" variableLength="false">&lt;others&gt;</command:parameterValue>
</command:parameterValueGroup>
<command:parameterValue required="true" variableLength="false">String</command:parameterValue>
<dev:type><maml:name>String</maml:name>
<maml:uri /></dev:type>
<dev:defaultValue>None</dev:defaultValue>
</command:parameter>
<command:parameter required="true" variableLength="true" globbing="false" pipelineInput="False" position="1" aliases="none"><maml:name>Module</maml:name>
<maml:Description><maml:para>The Az module to retrieve the version for.
</maml:para>
</maml:Description>
<command:parameterValue required="true" variableLength="false">String</command:parameterValue>
<dev:type><maml:name>String</maml:name>
<maml:uri /></dev:type>
<dev:defaultValue>None</dev:defaultValue>
</command:parameter>
</command:syntaxItem>
</command:syntax>
<command:parameters><command:parameter required="true" variableLength="true" globbing="false" pipelineInput="False" position="1" aliases="none"><maml:name>Module</maml:name>
<maml:Description><maml:para>The Az module to retrieve the version for.
</maml:para>
</maml:Description>
<command:parameterValue required="true" variableLength="false">String</command:parameterValue>
<dev:type><maml:name>String</maml:name>
<maml:uri /></dev:type>
<dev:defaultValue>None</dev:defaultValue>
</command:parameter>
<command:parameter required="true" variableLength="true" globbing="false" pipelineInput="True (ByValue)" position="0" aliases="none"><maml:name>Profile</maml:name>
<maml:Description><maml:para>The profile version to check for the given module.
</maml:para>
</maml:Description>
<command:parameterValue required="true" variableLength="false">String</command:parameterValue>
<dev:type><maml:name>String</maml:name>
<maml:uri /></dev:type>
<dev:defaultValue>None</dev:defaultValue>
</command:parameter>
</command:parameters>
<command:inputTypes><command:inputType><dev:type><maml:name>None</maml:name>
</dev:type>
<maml:description><maml:para>
</maml:para>
</maml:description>
</command:inputType>
</command:inputTypes>
<command:returnValues><command:returnValue><dev:type><maml:name>System.String</maml:name>
</dev:type>
<maml:description><maml:para>
</maml:para>
</maml:description>
</command:returnValue>
</command:returnValues>
<maml:alertSet><maml:alert><maml:para>
</maml:para>
</maml:alert>
</maml:alertSet>
<command:examples><command:example><maml:title>Example 1</maml:title>
<dev:code>PS C:\&gt; Get-AzModule -Profile 2017-03-09-profile -Module Az.Storage

1.0.4.4</dev:code>
<dev:remarks><maml:para>The version of the Az.Storage module that supports profile 2017-03-09-profile is version 1.0.4.3.
</maml:para>
</dev:remarks>
</command:example>
</command:examples>
<command:relatedLinks></command:relatedLinks>
</command:command>
<command:command xmlns:maml="http://schemas.microsoft.com/maml/2004/10" xmlns:command="http://schemas.microsoft.com/maml/dev/command/2004/10" xmlns:dev="http://schemas.microsoft.com/maml/dev/2004/10" xmlns:MSHelp="http://msdn.microsoft.com/mshelp">
<command:details><command:name>Get-AzApiProfile</command:name>
<command:verb>Get</command:verb>
<command:noun>AzProfile</command:noun>
<maml:description><maml:para>List the supported Az profiles.
</maml:para>
</maml:description>
</command:details>
<maml:description><maml:para>Lists the supported Az profiles.  If no parameters are given, returns the profile version supported by modules on the current machine.  If -ListAvailable is specified, lists all profiles that could be installed on the machine.
</maml:para>
</maml:description>
<command:syntax><command:syntaxItem><maml:name>Get-AzApiProfile</maml:name>
<command:parameter required="false" variableLength="true" globbing="false" pipelineInput="False" position="named" aliases="none"><maml:name>ListAvailable</maml:name>
<maml:Description><maml:para>If specified, list all available profiles, not just the profiles currently installed.
</maml:para>
</maml:Description>
<dev:type><maml:name>SwitchParameter</maml:name>
<maml:uri /></dev:type>
<dev:defaultValue>False</dev:defaultValue>
</command:parameter>
<command:parameter required="false" variableLength="true" globbing="false" pipelineInput="False" position="named" aliases="none"><maml:name>Update</maml:name>
<maml:Description><maml:para>If specified, updates Profiles available by querying Azure Endpoint
</maml:para>
</maml:Description>
<dev:type><maml:name>SwitchParameter</maml:name>
<maml:uri /></dev:type>
<dev:defaultValue>False</dev:defaultValue>
</command:parameter>
</command:syntaxItem>
</command:syntax>
<command:parameters><command:parameter required="false" variableLength="true" globbing="false" pipelineInput="False" position="named" aliases="none"><maml:name>ListAvailable</maml:name>
<maml:Description><maml:para>If specified, list all available profiles, not just the profiles currently installed.
</maml:para>
</maml:Description>
<command:parameterValue required="false" variableLength="false">SwitchParameter</command:parameterValue>
<dev:type><maml:name>SwitchParameter</maml:name>
<maml:uri /></dev:type>
<dev:defaultValue>False</dev:defaultValue>
</command:parameter>
<command:parameter required="false" variableLength="true" globbing="false" pipelineInput="False" position="named" aliases="none"><maml:name>Update</maml:name>
<maml:Description><maml:para>If specified, updates Profiles available by querying Azure Endpoint
</maml:para>
</maml:Description>
<command:parameterValue required="false" variableLength="false">SwitchParameter</command:parameterValue>
<dev:type><maml:name>SwitchParameter</maml:name>
<maml:uri /></dev:type>
<dev:defaultValue>False</dev:defaultValue>
</command:parameter>
</command:parameters>
<command:inputTypes><command:inputType><dev:type><maml:name>None</maml:name>
</dev:type>
<maml:description><maml:para>
</maml:para>
</maml:description>
</command:inputType>
</command:inputTypes>
<command:returnValues><command:returnValue><dev:type><maml:name>System.String</maml:name>
</dev:type>
<maml:description><maml:para>
</maml:para>
</maml:description>
</command:returnValue>
</command:returnValues>
<maml:alertSet><maml:alert><maml:para>
</maml:para>
</maml:alert>
</maml:alertSet>
<command:examples><command:example><maml:title>Example 2</maml:title>
<dev:code>PS C:\&gt; Get-AzApiProfile -ListAvailable

2015-06
2015-09</dev:code>
<dev:remarks><maml:para>List all ARM profiles available to be installed.
</maml:para>
</dev:remarks>
</command:example>
</command:examples>
<command:relatedLinks></command:relatedLinks>
</command:command>
<command:command xmlns:maml="http://schemas.microsoft.com/maml/2004/10" xmlns:command="http://schemas.microsoft.com/maml/dev/command/2004/10" xmlns:dev="http://schemas.microsoft.com/maml/dev/2004/10" xmlns:MSHelp="http://msdn.microsoft.com/mshelp">
<command:details><command:name>Install-AzProfile</command:name>
<command:verb>Install</command:verb>
<command:noun>AzProfile</command:noun>
<maml:description><maml:para>Install all the latest modules associated with a particular Az Profile on the machine.
</maml:para>
</maml:description>
</command:details>
<maml:description><maml:para>Install all the latest modules associated with a particular Az Profile on the machine.  Modules for a particular profile can be loaded in a new PowerShell session using 'Use-AzProfile'.
</maml:para>
</maml:description>
<command:syntax><command:syntaxItem><maml:name>Install-AzProfile</maml:name>
<command:parameter required="true" variableLength="true" globbing="false" pipelineInput="True (ByValue)" position="0" aliases="none"><maml:name>Profile</maml:name>
<maml:Description><maml:para>The profile version to install.  You can get a list of available profile versions using Get-AzApiProfile -ListAvailable
</maml:para>
</maml:Description>
<command:parameterValueGroup><command:parameterValue required="false" variableLength="false">2017-03-09-profile</command:parameterValue>
<command:parameterValue required="false" variableLength="false">&lt;others&gt;</command:parameterValue>
</command:parameterValueGroup>
<command:parameterValue required="true" variableLength="false">String</command:parameterValue>
<dev:type><maml:name>String</maml:name>
<maml:uri /></dev:type>
<dev:defaultValue>None</dev:defaultValue>
</command:parameter>
<command:parameter required="false" variableLength="true" globbing="false" pipelineInput="False" position="named" aliases="none"><maml:name>Force</maml:name>
<maml:Description><maml:para>Automatically install modules for the given profile if they are not already installed.
</maml:para>
</maml:Description>
<dev:type><maml:name>SwitchParameter</maml:name>
<maml:uri /></dev:type>
<dev:defaultValue>False</dev:defaultValue>
</command:parameter>
<command:parameter required="false" variableLength="true" globbing="false" pipelineInput="False" position="named" aliases="none"><maml:name>Scope</maml:name>
<maml:Description><maml:para>Specifies the installation scope of the modules. The acceptable values for this parameter are: AllUsers and CurrentUser. The AllUsers scope lets modules be installed in a location that is accessible to all users of the computer. The CurrentUser scope lets modules be installed in a location that is available only to the current user.
</maml:para>
</maml:Description>
<command:parameterValueGroup><command:parameterValue required="false" variableLength="false">CurrentUser</command:parameterValue>
<command:parameterValue required="false" variableLength="false">AllUsers</command:parameterValue>
</command:parameterValueGroup>
<command:parameterValue required="true" variableLength="false">String</command:parameterValue>
<dev:type><maml:name>String</maml:name>
<maml:uri /></dev:type>
<dev:defaultValue>None</dev:defaultValue>
</command:parameter>
<command:parameter required="false" variableLength="true" globbing="false" pipelineInput="False" position="named" aliases="cf"><maml:name>Confirm</maml:name>
<maml:Description><maml:para>Prompts you for confirmation before running the cmdlet.
</maml:para>
</maml:Description>
<dev:type><maml:name>SwitchParameter</maml:name>
<maml:uri /></dev:type>
<dev:defaultValue>False</dev:defaultValue>
</command:parameter>
<command:parameter required="false" variableLength="true" globbing="false" pipelineInput="False" position="named" aliases="wi"><maml:name>WhatIf</maml:name>
<maml:Description><maml:para>Shows what would happen if the cmdlet runs. The cmdlet is not run.
</maml:para>
</maml:Description>
<dev:type><maml:name>SwitchParameter</maml:name>
<maml:uri /></dev:type>
<dev:defaultValue>False</dev:defaultValue>
</command:parameter>
</command:syntaxItem>
</command:syntax>
<command:parameters><command:parameter required="false" variableLength="true" globbing="false" pipelineInput="False" position="named" aliases="none"><maml:name>Force</maml:name>
<maml:Description><maml:para>Automatically install modules for the given profile if they are not already installed.
</maml:para>
</maml:Description>
<command:parameterValue required="false" variableLength="false">SwitchParameter</command:parameterValue>
<dev:type><maml:name>SwitchParameter</maml:name>
<maml:uri /></dev:type>
<dev:defaultValue>False</dev:defaultValue>
</command:parameter>
<command:parameter required="true" variableLength="true" globbing="false" pipelineInput="True (ByValue)" position="0" aliases="none"><maml:name>Profile</maml:name>
<maml:Description><maml:para>The profile version to install.  You can get a list of available profile versions using Get-AzApiProfile -ListAvailable
</maml:para>
</maml:Description>
<command:parameterValue required="true" variableLength="false">String</command:parameterValue>
<dev:type><maml:name>String</maml:name>
<maml:uri /></dev:type>
<dev:defaultValue>None</dev:defaultValue>
</command:parameter>
<command:parameter required="false" variableLength="true" globbing="false" pipelineInput="False" position="named" aliases="none"><maml:name>Scope</maml:name>
<maml:Description><maml:para>Specifies the installation scope of the modules. The acceptable values for this parameter are: AllUsers and CurrentUser. The AllUsers scope lets modules be installed in a location that is accessible to all users of the computer. The CurrentUser scope lets modules be installed in a location that is available only to the current user.
</maml:para>
</maml:Description>
<command:parameterValue required="true" variableLength="false">String</command:parameterValue>
<dev:type><maml:name>String</maml:name>
<maml:uri /></dev:type>
<dev:defaultValue>None</dev:defaultValue>
</command:parameter>
<command:parameter required="false" variableLength="true" globbing="false" pipelineInput="False" position="named" aliases="cf"><maml:name>Confirm</maml:name>
<maml:Description><maml:para>Prompts you for confirmation before running the cmdlet.
</maml:para>
</maml:Description>
<command:parameterValue required="false" variableLength="false">SwitchParameter</command:parameterValue>
<dev:type><maml:name>SwitchParameter</maml:name>
<maml:uri /></dev:type>
<dev:defaultValue>False</dev:defaultValue>
</command:parameter>
<command:parameter required="false" variableLength="true" globbing="false" pipelineInput="False" position="named" aliases="wi"><maml:name>WhatIf</maml:name>
<maml:Description><maml:para>Shows what would happen if the cmdlet runs. The cmdlet is not run.
</maml:para>
</maml:Description>
<command:parameterValue required="false" variableLength="false">SwitchParameter</command:parameterValue>
<dev:type><maml:name>SwitchParameter</maml:name>
<maml:uri /></dev:type>
<dev:defaultValue>False</dev:defaultValue>
</command:parameter>
</command:parameters>
<command:inputTypes><command:inputType><dev:type><maml:name>None</maml:name>
</dev:type>
<maml:description><maml:para>
</maml:para>
</maml:description>
</command:inputType>
</command:inputTypes>
<command:returnValues><command:returnValue><dev:type><maml:name>None</maml:name>
</dev:type>
<maml:description><maml:para>
</maml:para>
</maml:description>
</command:returnValue>
</command:returnValues>
<maml:alertSet><maml:alert><maml:para>
</maml:para>
</maml:alert>
</maml:alertSet>
<command:examples><command:example><maml:title>Example 1</maml:title>
<dev:code>PS C:\&gt; Install-AzProfile -Profile '2017-03-09-profile'</dev:code>
<dev:remarks><maml:para>Install all the modules associated with profile '2017-03-09-profile'
</maml:para>
</dev:remarks>
</command:example>
</command:examples>
<command:relatedLinks></command:relatedLinks>
</command:command>
<command:command xmlns:maml="http://schemas.microsoft.com/maml/2004/10" xmlns:command="http://schemas.microsoft.com/maml/dev/command/2004/10" xmlns:dev="http://schemas.microsoft.com/maml/dev/2004/10" xmlns:MSHelp="http://msdn.microsoft.com/mshelp">
<command:details><command:name>Remove-AzDefaultProfile</command:name>
<command:verb>Remove</command:verb>
<command:noun>AzDefaultProfile</command:noun>
<maml:description><maml:para>Removes the default profile setting.
</maml:para>
</maml:description>
</command:details>
<maml:description><maml:para>Removes the default profile setting that was set using 'Set-AzDefaultProfile' cmdlet.
</maml:para>
</maml:description>
<command:syntax><command:syntaxItem><maml:name>Remove-AzDefaultProfile</maml:name>
<command:parameter required="false" variableLength="true" globbing="false" pipelineInput="False" position="named" aliases="none"><maml:name>Force</maml:name>
<maml:Description><maml:para>Removes the default profile setting without prompting for confirmation.
</maml:para>
</maml:Description>
<dev:type><maml:name>SwitchParameter</maml:name>
<maml:uri /></dev:type>
<dev:defaultValue>False</dev:defaultValue>
</command:parameter>
<command:parameter required="false" variableLength="true" globbing="false" pipelineInput="False" position="named" aliases="cf"><maml:name>Confirm</maml:name>
<maml:Description><maml:para>Prompts you for confirmation before running the cmdlet.
</maml:para>
</maml:Description>
<dev:type><maml:name>SwitchParameter</maml:name>
<maml:uri /></dev:type>
<dev:defaultValue>False</dev:defaultValue>
</command:parameter>
<command:parameter required="false" variableLength="true" globbing="false" pipelineInput="False" position="named" aliases="wi"><maml:name>WhatIf</maml:name>
<maml:Description><maml:para>Shows what would happen if the cmdlet runs. The cmdlet is not run.
</maml:para>
</maml:Description>
<dev:type><maml:name>SwitchParameter</maml:name>
<maml:uri /></dev:type>
<dev:defaultValue>False</dev:defaultValue>
</command:parameter>
</command:syntaxItem>
</command:syntax>
<command:parameters><command:parameter required="false" variableLength="true" globbing="false" pipelineInput="False" position="named" aliases="none"><maml:name>Force</maml:name>
<maml:Description><maml:para>Removes the default profile setting without prompting for confirmation.
</maml:para>
</maml:Description>
<command:parameterValue required="false" variableLength="false">SwitchParameter</command:parameterValue>
<dev:type><maml:name>SwitchParameter</maml:name>
<maml:uri /></dev:type>
<dev:defaultValue>False</dev:defaultValue>
</command:parameter>
<command:parameter required="false" variableLength="true" globbing="false" pipelineInput="False" position="named" aliases="cf"><maml:name>Confirm</maml:name>
<maml:Description><maml:para>Prompts you for confirmation before running the cmdlet.
</maml:para>
</maml:Description>
<command:parameterValue required="false" variableLength="false">SwitchParameter</command:parameterValue>
<dev:type><maml:name>SwitchParameter</maml:name>
<maml:uri /></dev:type>
<dev:defaultValue>False</dev:defaultValue>
</command:parameter>
<command:parameter required="false" variableLength="true" globbing="false" pipelineInput="False" position="named" aliases="wi"><maml:name>WhatIf</maml:name>
<maml:Description><maml:para>Shows what would happen if the cmdlet runs. The cmdlet is not run.
</maml:para>
</maml:Description>
<command:parameterValue required="false" variableLength="false">SwitchParameter</command:parameterValue>
<dev:type><maml:name>SwitchParameter</maml:name>
<maml:uri /></dev:type>
<dev:defaultValue>False</dev:defaultValue>
</command:parameter>
</command:parameters>
<command:inputTypes><command:inputType><dev:type><maml:name>None</maml:name>
</dev:type>
<maml:description><maml:para>
</maml:para>
</maml:description>
</command:inputType>
</command:inputTypes>
<command:returnValues><command:returnValue><dev:type><maml:name>None</maml:name>
</dev:type>
<maml:description><maml:para>
</maml:para>
</maml:description>
</command:returnValue>
</command:returnValues>
<maml:alertSet><maml:alert><maml:para>
</maml:para>
</maml:alert>
</maml:alertSet>
<command:examples><command:example><maml:title>Example 1</maml:title>
<dev:code>PS C:\&gt; Remove-AzDefaultProfile</dev:code>
<dev:remarks><maml:para>
</maml:para>
</dev:remarks>
</command:example>
</command:examples>
<command:relatedLinks></command:relatedLinks>
</command:command>
<command:command xmlns:maml="http://schemas.microsoft.com/maml/2004/10" xmlns:command="http://schemas.microsoft.com/maml/dev/command/2004/10" xmlns:dev="http://schemas.microsoft.com/maml/dev/2004/10" xmlns:MSHelp="http://msdn.microsoft.com/mshelp">
<command:details><command:name>Set-AzDefaultProfile</command:name>
<command:verb>Set</command:verb>
<command:noun>AzDefaultProfile</command:noun>
<maml:description><maml:para>Sets the given profile as a default profile to be used with all API version profile cmdlets.
</maml:para>
</maml:description>
</command:details>
<maml:description><maml:para>Sets the given profile as a default profile to be used with all API version profile cmdlets. Default profile selection is persisted across sessions and shells.
</maml:para>
</maml:description>
<command:syntax><command:syntaxItem><maml:name>Set-AzDefaultProfile</maml:name>
<command:parameter required="true" variableLength="true" globbing="false" pipelineInput="True (ByValue)" position="0" aliases="none"><maml:name>Profile</maml:name>
<maml:Description><maml:para>The profile version to set as default.  You can get a list of available profile versions using Get-AzApiProfile -ListAvailable
</maml:para>
</maml:Description>
<command:parameterValueGroup><command:parameterValue required="false" variableLength="false">2017-03-09-profile</command:parameterValue>
<command:parameterValue required="false" variableLength="false">latest</command:parameterValue>
<command:parameterValue required="false" variableLength="false">&lt;others&gt;</command:parameterValue>
</command:parameterValueGroup>
<command:parameterValue required="true" variableLength="false">String</command:parameterValue>
<dev:type><maml:name>String</maml:name>
<maml:uri /></dev:type>
<dev:defaultValue>None</dev:defaultValue>
</command:parameter>
<command:parameter required="false" variableLength="true" globbing="false" pipelineInput="False" position="named" aliases="none"><maml:name>Force</maml:name>
<maml:Description><maml:para>Set the given profile as default without prompting for confirmation.
</maml:para>
</maml:Description>
<dev:type><maml:name>SwitchParameter</maml:name>
<maml:uri /></dev:type>
<dev:defaultValue>False</dev:defaultValue>
</command:parameter>
<command:parameter required="false" variableLength="true" globbing="false" pipelineInput="False" position="named" aliases="none"><maml:name>Scope</maml:name>
<maml:Description><maml:para>Specifies the installation scope of the modules. The acceptable values for this parameter are: AllUsers and CurrentUser. The AllUsers scope lets modules be installed in a location that is accessible to all users of the computer. The CurrentUser scope lets modules be installed in a location that is available only to the current user.
</maml:para>
</maml:Description>
<command:parameterValueGroup><command:parameterValue required="false" variableLength="false">CurrentUser</command:parameterValue>
<command:parameterValue required="false" variableLength="false">AllUsers</command:parameterValue>
</command:parameterValueGroup>
<command:parameterValue required="true" variableLength="false">String</command:parameterValue>
<dev:type><maml:name>String</maml:name>
<maml:uri /></dev:type>
<dev:defaultValue>None</dev:defaultValue>
</command:parameter>
<command:parameter required="false" variableLength="true" globbing="false" pipelineInput="False" position="named" aliases="cf"><maml:name>Confirm</maml:name>
<maml:Description><maml:para>Prompts you for confirmation before running the cmdlet.
</maml:para>
</maml:Description>
<dev:type><maml:name>SwitchParameter</maml:name>
<maml:uri /></dev:type>
<dev:defaultValue>False</dev:defaultValue>
</command:parameter>
<command:parameter required="false" variableLength="true" globbing="false" pipelineInput="False" position="named" aliases="wi"><maml:name>WhatIf</maml:name>
<maml:Description><maml:para>Shows what would happen if the cmdlet runs. The cmdlet is not run.
</maml:para>
</maml:Description>
<dev:type><maml:name>SwitchParameter</maml:name>
<maml:uri /></dev:type>
<dev:defaultValue>False</dev:defaultValue>
</command:parameter>
</command:syntaxItem>
</command:syntax>
<command:parameters><command:parameter required="false" variableLength="true" globbing="false" pipelineInput="False" position="named" aliases="none"><maml:name>Force</maml:name>
<maml:Description><maml:para>Set the given profile as default without prompting for confirmation.
</maml:para>
</maml:Description>
<command:parameterValue required="false" variableLength="false">SwitchParameter</command:parameterValue>
<dev:type><maml:name>SwitchParameter</maml:name>
<maml:uri /></dev:type>
<dev:defaultValue>False</dev:defaultValue>
</command:parameter>
<command:parameter required="true" variableLength="true" globbing="false" pipelineInput="True (ByValue)" position="0" aliases="none"><maml:name>Profile</maml:name>
<maml:Description><maml:para>The profile version to set as default.  You can get a list of available profile versions using Get-AzApiProfile -ListAvailable
</maml:para>
</maml:Description>
<command:parameterValue required="true" variableLength="false">String</command:parameterValue>
<dev:type><maml:name>String</maml:name>
<maml:uri /></dev:type>
<dev:defaultValue>None</dev:defaultValue>
</command:parameter>
<command:parameter required="false" variableLength="true" globbing="false" pipelineInput="False" position="named" aliases="none"><maml:name>Scope</maml:name>
<maml:Description><maml:para>Specifies the installation scope of the modules. The acceptable values for this parameter are: AllUsers and CurrentUser. The AllUsers scope lets modules be installed in a location that is accessible to all users of the computer. The CurrentUser scope lets modules be installed in a location that is available only to the current user.
</maml:para>
</maml:Description>
<command:parameterValue required="true" variableLength="false">String</command:parameterValue>
<dev:type><maml:name>String</maml:name>
<maml:uri /></dev:type>
<dev:defaultValue>None</dev:defaultValue>
</command:parameter>
<command:parameter required="false" variableLength="true" globbing="false" pipelineInput="False" position="named" aliases="cf"><maml:name>Confirm</maml:name>
<maml:Description><maml:para>Prompts you for confirmation before running the cmdlet.
</maml:para>
</maml:Description>
<command:parameterValue required="false" variableLength="false">SwitchParameter</command:parameterValue>
<dev:type><maml:name>SwitchParameter</maml:name>
<maml:uri /></dev:type>
<dev:defaultValue>False</dev:defaultValue>
</command:parameter>
<command:parameter required="false" variableLength="true" globbing="false" pipelineInput="False" position="named" aliases="wi"><maml:name>WhatIf</maml:name>
<maml:Description><maml:para>Shows what would happen if the cmdlet runs. The cmdlet is not run.
</maml:para>
</maml:Description>
<command:parameterValue required="false" variableLength="false">SwitchParameter</command:parameterValue>
<dev:type><maml:name>SwitchParameter</maml:name>
<maml:uri /></dev:type>
<dev:defaultValue>False</dev:defaultValue>
</command:parameter>
</command:parameters>
<command:inputTypes><command:inputType><dev:type><maml:name>None</maml:name>
</dev:type>
<maml:description><maml:para>
</maml:para>
</maml:description>
</command:inputType>
</command:inputTypes>
<command:returnValues><command:returnValue><dev:type><maml:name>None</maml:name>
</dev:type>
<maml:description><maml:para>
</maml:para>
</maml:description>
</command:returnValue>
</command:returnValues>
<maml:alertSet><maml:alert><maml:para>
</maml:para>
</maml:alert>
</maml:alertSet>
<command:examples><command:example><maml:title>Example 1 - Using Default Version Profile to Automatically Load Module Versions</maml:title>
<dev:code>PS C:\&gt; Set-AzDefaultProfile -Profile '2017-03-09-profile'
PS C:\&gt; Import-Module Az.Compute</dev:code>
<dev:remarks><maml:para>Sets profile '2017-03-09-profile' as the default profile.  When importing Az modules like Az.Compute, you will automatically import a version of the module compatible with the default profile setting,  unless you explicitly specify a RequiredVersion.
</maml:para>
</dev:remarks>
</command:example>
<command:example><maml:title>Example 2 - Using Default Version Profile to Set Default Profile for BootStrapper cmdlets</maml:title>
<dev:code>PS C:\&gt; Set-AzDefaultProfile -Profile '2017-03-09-profile'
PS c:\&gt; Install-AzProfile</dev:code>
<dev:remarks><maml:para>Sets the default profile as '2017-03-09-profile'.  After this, BootStrapper cmdlets will automatically use the default profile if no profile is set. In this case, 'Install-AzProfile'  will install profile '2017-03-09-profile', since this profile was set as the default.
</maml:para>
</dev:remarks>
</command:example>
</command:examples>
<command:relatedLinks></command:relatedLinks>
</command:command>
<command:command xmlns:maml="http://schemas.microsoft.com/maml/2004/10" xmlns:command="http://schemas.microsoft.com/maml/dev/command/2004/10" xmlns:dev="http://schemas.microsoft.com/maml/dev/2004/10" xmlns:MSHelp="http://msdn.microsoft.com/mshelp">
<command:details><command:name>Uninstall-AzProfile</command:name>
<command:verb>Uninstall</command:verb>
<command:noun>AzProfile</command:noun>
<maml:description><maml:para>Uninstall all modules associated with the given profile version.
</maml:para>
</maml:description>
</command:details>
<maml:description><maml:para>Uninstall all modules associated with the given profile version.  Note that this may uninstall modules associated with multiple profiles.
</maml:para>
</maml:description>
<command:syntax><command:syntaxItem><maml:name>Uninstall-AzProfile</maml:name>
<command:parameter required="true" variableLength="true" globbing="false" pipelineInput="True (ByValue)" position="0" aliases="none"><maml:name>Profile</maml:name>
<maml:Description><maml:para>The profile version to uninstall.
</maml:para>
</maml:Description>
<command:parameterValueGroup><command:parameterValue required="false" variableLength="false">2016-09</command:parameterValue>
<command:parameterValue required="false" variableLength="false">2017-03-09-profile</command:parameterValue>
<command:parameterValue required="false" variableLength="false">&lt;others&gt;</command:parameterValue>
</command:parameterValueGroup>
<command:parameterValue required="true" variableLength="false">String</command:parameterValue>
<dev:type><maml:name>String</maml:name>
<maml:uri /></dev:type>
<dev:defaultValue>None</dev:defaultValue>
</command:parameter>
<command:parameter required="false" variableLength="true" globbing="false" pipelineInput="False" position="named" aliases="none"><maml:name>Force</maml:name>
<maml:Description><maml:para>Automatically remove all given modules without propmpting.
</maml:para>
</maml:Description>
<dev:type><maml:name>SwitchParameter</maml:name>
<maml:uri /></dev:type>
<dev:defaultValue>False</dev:defaultValue>
</command:parameter>
<command:parameter required="false" variableLength="true" globbing="false" pipelineInput="False" position="named" aliases="cf"><maml:name>Confirm</maml:name>
<maml:Description><maml:para>Request confirmation for any change made by the cmdlet
</maml:para>
</maml:Description>
<dev:type><maml:name>SwitchParameter</maml:name>
<maml:uri /></dev:type>
<dev:defaultValue>False</dev:defaultValue>
</command:parameter>
<command:parameter required="false" variableLength="true" globbing="false" pipelineInput="False" position="named" aliases="wi"><maml:name>WhatIf</maml:name>
<maml:Description><maml:para>Print the changes that would be made in executing the cmdlets, but do not make any changes.
</maml:para>
</maml:Description>
<dev:type><maml:name>SwitchParameter</maml:name>
<maml:uri /></dev:type>
<dev:defaultValue>False</dev:defaultValue>
</command:parameter>
</command:syntaxItem>
</command:syntax>
<command:parameters><command:parameter required="false" variableLength="true" globbing="false" pipelineInput="False" position="named" aliases="none"><maml:name>Force</maml:name>
<maml:Description><maml:para>Automatically remove all given modules without propmpting.
</maml:para>
</maml:Description>
<command:parameterValue required="false" variableLength="false">SwitchParameter</command:parameterValue>
<dev:type><maml:name>SwitchParameter</maml:name>
<maml:uri /></dev:type>
<dev:defaultValue>False</dev:defaultValue>
</command:parameter>
<command:parameter required="true" variableLength="true" globbing="false" pipelineInput="True (ByValue)" position="0" aliases="none"><maml:name>Profile</maml:name>
<maml:Description><maml:para>The profile version to uninstall.
</maml:para>
</maml:Description>
<command:parameterValue required="true" variableLength="false">String</command:parameterValue>
<dev:type><maml:name>String</maml:name>
<maml:uri /></dev:type>
<dev:defaultValue>None</dev:defaultValue>
</command:parameter>
<command:parameter required="false" variableLength="true" globbing="false" pipelineInput="False" position="named" aliases="cf"><maml:name>Confirm</maml:name>
<maml:Description><maml:para>Request confirmation for any change made by the cmdlet
</maml:para>
</maml:Description>
<command:parameterValue required="false" variableLength="false">SwitchParameter</command:parameterValue>
<dev:type><maml:name>SwitchParameter</maml:name>
<maml:uri /></dev:type>
<dev:defaultValue>False</dev:defaultValue>
</command:parameter>
<command:parameter required="false" variableLength="true" globbing="false" pipelineInput="False" position="named" aliases="wi"><maml:name>WhatIf</maml:name>
<maml:Description><maml:para>Print the changes that would be made in executing the cmdlets, but do not make any changes.
</maml:para>
</maml:Description>
<command:parameterValue required="false" variableLength="false">SwitchParameter</command:parameterValue>
<dev:type><maml:name>SwitchParameter</maml:name>
<maml:uri /></dev:type>
<dev:defaultValue>False</dev:defaultValue>
</command:parameter>
</command:parameters>
<command:inputTypes><command:inputType><dev:type><maml:name>None</maml:name>
</dev:type>
<maml:description><maml:para>
</maml:para>
</maml:description>
</command:inputType>
</command:inputTypes>
<command:returnValues><command:returnValue><dev:type><maml:name>None</maml:name>
</dev:type>
<maml:description><maml:para>
</maml:para>
</maml:description>
</command:returnValue>
</command:returnValues>
<maml:alertSet><maml:alert><maml:para>
</maml:para>
</maml:alert>
</maml:alertSet>
<command:examples><command:example><maml:title>Example 1</maml:title>
<dev:code>PS C:\&gt; Uninstall-AzProfile '2017-03-09-profile'</dev:code>
<dev:remarks><maml:para>Uninstall all modules associated with the '2017-03-09-profile' profile on the machine
</maml:para>
</dev:remarks>
</command:example>
</command:examples>
<command:relatedLinks></command:relatedLinks>
</command:command>
<command:command xmlns:maml="http://schemas.microsoft.com/maml/2004/10" xmlns:command="http://schemas.microsoft.com/maml/dev/command/2004/10" xmlns:dev="http://schemas.microsoft.com/maml/dev/2004/10" xmlns:MSHelp="http://msdn.microsoft.com/mshelp">
<command:details><command:name>Update-AzProfile</command:name>
<command:verb>Update</command:verb>
<command:noun>AzProfile</command:noun>
<maml:description><maml:para>Update modules to the latest versions consitent with the given profile and import updated modules to the current session. This should always be executed in a new PowerShell session.
</maml:para>
</maml:description>
</command:details>
<maml:description><maml:para>Update modules to the latest versions consitent with the given profile and import updated modules to the current session. This should always be executed in a new PowerShell session.
</maml:para>
</maml:description>
<command:syntax><command:syntaxItem><maml:name>Update-AzProfile</maml:name>
<command:parameter required="true" variableLength="true" globbing="false" pipelineInput="True (ByValue)" position="0" aliases="none"><maml:name>Profile</maml:name>
<maml:Description><maml:para>The profile version to load in the current PowerShell session.
</maml:para>
</maml:Description>
<command:parameterValueGroup><command:parameterValue required="false" variableLength="false">2017-03-09-profile</command:parameterValue>
<command:parameterValue required="false" variableLength="false">Latest</command:parameterValue>
<command:parameterValue required="false" variableLength="false">&lt;others&gt;</command:parameterValue>
</command:parameterValueGroup>
<command:parameterValue required="true" variableLength="false">String</command:parameterValue>
<dev:type><maml:name>String</maml:name>
<maml:uri /></dev:type>
<dev:defaultValue>None</dev:defaultValue>
</command:parameter>
<command:parameter required="false" variableLength="true" globbing="false" pipelineInput="False" position="1" aliases="none"><maml:name>Module</maml:name>
<maml:Description><maml:para>The module name to be updated.
</maml:para>
</maml:Description>
<command:parameterValue required="true" variableLength="false">Array</command:parameterValue>
<dev:type><maml:name>Array</maml:name>
<maml:uri /></dev:type>
<dev:defaultValue>None</dev:defaultValue>
</command:parameter>
<command:parameter required="false" variableLength="true" globbing="false" pipelineInput="False" position="named" aliases="none"><maml:name>Force</maml:name>
<maml:Description><maml:para>Automatically install modules for the given profile if they are not already installed.
</maml:para>
</maml:Description>
<dev:type><maml:name>SwitchParameter</maml:name>
<maml:uri /></dev:type>
<dev:defaultValue>False</dev:defaultValue>
</command:parameter>
<command:parameter required="false" variableLength="true" globbing="false" pipelineInput="False" position="named" aliases="none"><maml:name>RemovePreviousVersions</maml:name>
<maml:Description><maml:para>Automatically remove old versions of the modules currently installed.
</maml:para>
</maml:Description>
<dev:type><maml:name>SwitchParameter</maml:name>
<maml:uri /></dev:type>
<dev:defaultValue>False</dev:defaultValue>
</command:parameter>
<command:parameter required="false" variableLength="true" globbing="false" pipelineInput="False" position="named" aliases="none"><maml:name>Scope</maml:name>
<maml:Description><maml:para>Specifies the installation scope of the modules. The acceptable values for this parameter are: AllUsers and CurrentUser. The AllUsers scope lets modules be installed in a location that is accessible to all users of the computer. The CurrentUser scope lets modules be installed in a location that is available only to the current user.
</maml:para>
</maml:Description>
<command:parameterValueGroup><command:parameterValue required="false" variableLength="false">CurrentUser</command:parameterValue>
<command:parameterValue required="false" variableLength="false">AllUsers</command:parameterValue>
</command:parameterValueGroup>
<command:parameterValue required="true" variableLength="false">String</command:parameterValue>
<dev:type><maml:name>String</maml:name>
<maml:uri /></dev:type>
<dev:defaultValue>None</dev:defaultValue>
</command:parameter>
<command:parameter required="false" variableLength="true" globbing="false" pipelineInput="False" position="named" aliases="cf"><maml:name>Confirm</maml:name>
<maml:Description><maml:para>Request confrimation for any change made by the cmdlet
</maml:para>
</maml:Description>
<dev:type><maml:name>SwitchParameter</maml:name>
<maml:uri /></dev:type>
<dev:defaultValue>False</dev:defaultValue>
</command:parameter>
<command:parameter required="false" variableLength="true" globbing="false" pipelineInput="False" position="named" aliases="wi"><maml:name>WhatIf</maml:name>
<maml:Description><maml:para>Print the changes that would be made in executing the cmdlets, but do not make any changes.
</maml:para>
</maml:Description>
<dev:type><maml:name>SwitchParameter</maml:name>
<maml:uri /></dev:type>
<dev:defaultValue>False</dev:defaultValue>
</command:parameter>
</command:syntaxItem>
</command:syntax>
<command:parameters><command:parameter required="false" variableLength="true" globbing="false" pipelineInput="False" position="named" aliases="none"><maml:name>Force</maml:name>
<maml:Description><maml:para>Automatically install modules for the given profile if they are not already installed.
</maml:para>
</maml:Description>
<command:parameterValue required="false" variableLength="false">SwitchParameter</command:parameterValue>
<dev:type><maml:name>SwitchParameter</maml:name>
<maml:uri /></dev:type>
<dev:defaultValue>False</dev:defaultValue>
</command:parameter>
<command:parameter required="false" variableLength="true" globbing="false" pipelineInput="False" position="1" aliases="none"><maml:name>Module</maml:name>
<maml:Description><maml:para>The module name to be updated.
</maml:para>
</maml:Description>
<command:parameterValue required="true" variableLength="false">Array</command:parameterValue>
<dev:type><maml:name>Array</maml:name>
<maml:uri /></dev:type>
<dev:defaultValue>None</dev:defaultValue>
</command:parameter>
<command:parameter required="true" variableLength="true" globbing="false" pipelineInput="True (ByValue)" position="0" aliases="none"><maml:name>Profile</maml:name>
<maml:Description><maml:para>The profile version to load in the current PowerShell session.
</maml:para>
</maml:Description>
<command:parameterValue required="true" variableLength="false">String</command:parameterValue>
<dev:type><maml:name>String</maml:name>
<maml:uri /></dev:type>
<dev:defaultValue>None</dev:defaultValue>
</command:parameter>
<command:parameter required="false" variableLength="true" globbing="false" pipelineInput="False" position="named" aliases="none"><maml:name>RemovePreviousVersions</maml:name>
<maml:Description><maml:para>Automatically remove old versions of the modules currently installed.
</maml:para>
</maml:Description>
<command:parameterValue required="false" variableLength="false">SwitchParameter</command:parameterValue>
<dev:type><maml:name>SwitchParameter</maml:name>
<maml:uri /></dev:type>
<dev:defaultValue>False</dev:defaultValue>
</command:parameter>
<command:parameter required="false" variableLength="true" globbing="false" pipelineInput="False" position="named" aliases="none"><maml:name>Scope</maml:name>
<maml:Description><maml:para>Specifies the installation scope of the modules. The acceptable values for this parameter are: AllUsers and CurrentUser. The AllUsers scope lets modules be installed in a location that is accessible to all users of the computer. The CurrentUser scope lets modules be installed in a location that is available only to the current user.
</maml:para>
</maml:Description>
<command:parameterValue required="true" variableLength="false">String</command:parameterValue>
<dev:type><maml:name>String</maml:name>
<maml:uri /></dev:type>
<dev:defaultValue>None</dev:defaultValue>
</command:parameter>
<command:parameter required="false" variableLength="true" globbing="false" pipelineInput="False" position="named" aliases="cf"><maml:name>Confirm</maml:name>
<maml:Description><maml:para>Request confrimation for any change made by the cmdlet
</maml:para>
</maml:Description>
<command:parameterValue required="false" variableLength="false">SwitchParameter</command:parameterValue>
<dev:type><maml:name>SwitchParameter</maml:name>
<maml:uri /></dev:type>
<dev:defaultValue>False</dev:defaultValue>
</command:parameter>
<command:parameter required="false" variableLength="true" globbing="false" pipelineInput="False" position="named" aliases="wi"><maml:name>WhatIf</maml:name>
<maml:Description><maml:para>Print the changes that would be made in executing the cmdlets, but do not make any changes.
</maml:para>
</maml:Description>
<command:parameterValue required="false" variableLength="false">SwitchParameter</command:parameterValue>
<dev:type><maml:name>SwitchParameter</maml:name>
<maml:uri /></dev:type>
<dev:defaultValue>False</dev:defaultValue>
</command:parameter>
</command:parameters>
<command:inputTypes><command:inputType><dev:type><maml:name>None</maml:name>
</dev:type>
<maml:description><maml:para>
</maml:para>
</maml:description>
</command:inputType>
</command:inputTypes>
<command:returnValues><command:returnValue><dev:type><maml:name>None</maml:name>
</dev:type>
<maml:description><maml:para>
</maml:para>
</maml:description>
</command:returnValue>
</command:returnValues>
<maml:alertSet><maml:alert><maml:para>
</maml:para>
</maml:alert>
</maml:alertSet>
<command:examples><command:example><maml:title>Example 1</maml:title>
<dev:code>PS C:\&gt; Update-AzProfile -Profile '2017-03-09-profile'</dev:code>
<dev:remarks><maml:para>Update the modules associated with profile '2017-03-09-profile' to their latest versions and load in the current session.  This should be executed after opening a new PowerShell session.
</maml:para>
</dev:remarks>
</command:example>
<command:example><maml:title>Example 2</maml:title>
<dev:code>PS C:\&gt; Update-AzProfile -Profile 'Latest' -RemovePreviousVersions -Force</dev:code>
<dev:remarks><maml:para>Update the modules associated with profile version 'Latest' and load the modules in the current session. It downloads and installs the required modules and removes old versions of the modules without prompting the user. This should be executed after opening a new PowerShell session.
</maml:para>
</dev:remarks>
</command:example>
<command:example><maml:title>Example 3</maml:title>
<dev:code>PS C:\&gt; Update-AzProfile -Profile 'Latest' -Module 'Az', 'Az.Storage' -Scope 'CurrentUser'</dev:code>
<dev:remarks><maml:para>Update the modules 'Az', 'Az.Storage'  with profile version 'Latest' and load the modules in the current session. It downloads and installs the required modules in the CurrentUser scope. This should be executed after opening a new PowerShell session.
</maml:para>
</dev:remarks>
</command:example>
</command:examples>
<command:relatedLinks></command:relatedLinks>
</command:command>
<command:command xmlns:maml="http://schemas.microsoft.com/maml/2004/10" xmlns:command="http://schemas.microsoft.com/maml/dev/command/2004/10" xmlns:dev="http://schemas.microsoft.com/maml/dev/2004/10" xmlns:MSHelp="http://msdn.microsoft.com/mshelp">
<command:details><command:name>Use-AzProfile</command:name>
<command:verb>Use</command:verb>
<command:noun>AzProfile</command:noun>
<maml:description><maml:para>Load the modules associated with a particular profile in the current PowerShell session.  This should always be executed in a new PowerShell session.
</maml:para>
</maml:description>
</command:details>
<maml:description><maml:para>Load the modules associated with a particular profile in the current PowerShell session.  This should always be executed in a new PowerShell session.
</maml:para>
</maml:description>
<command:syntax><command:syntaxItem><maml:name>Use-AzProfile</maml:name>
<command:parameter required="true" variableLength="true" globbing="false" pipelineInput="True (ByValue)" position="0" aliases="none"><maml:name>Profile</maml:name>
<maml:Description><maml:para>The profile version to load in the current PowerShell session.
</maml:para>
</maml:Description>
<command:parameterValueGroup><command:parameterValue required="false" variableLength="false">2017-03-09-profile</command:parameterValue>
<command:parameterValue required="false" variableLength="false">2017-03-09-profile</command:parameterValue>
<command:parameterValue required="false" variableLength="false">&lt;others&gt;</command:parameterValue>
</command:parameterValueGroup>
<command:parameterValue required="true" variableLength="false">String</command:parameterValue>
<dev:type><maml:name>String</maml:name>
<maml:uri /></dev:type>
<dev:defaultValue>None</dev:defaultValue>
</command:parameter>
<command:parameter required="false" variableLength="true" globbing="false" pipelineInput="False" position="1" aliases="none"><maml:name>Module</maml:name>
<maml:Description><maml:para>The module name to be used.
</maml:para>
</maml:Description>
<command:parameterValue required="true" variableLength="false">Array</command:parameterValue>
<dev:type><maml:name>Array</maml:name>
<maml:uri /></dev:type>
<dev:defaultValue>None</dev:defaultValue>
</command:parameter>
<command:parameter required="false" variableLength="true" globbing="false" pipelineInput="False" position="named" aliases="none"><maml:name>Force</maml:name>
<maml:Description><maml:para>Automatically install modules for the given profile if they are not already installed.
</maml:para>
</maml:Description>
<dev:type><maml:name>SwitchParameter</maml:name>
<maml:uri /></dev:type>
<dev:defaultValue>False</dev:defaultValue>
</command:parameter>
<command:parameter required="false" variableLength="true" globbing="false" pipelineInput="False" position="named" aliases="none"><maml:name>Scope</maml:name>
<maml:Description><maml:para>Specifies the installation scope of the modules. The acceptable values for this parameter are: AllUsers and CurrentUser. The AllUsers scope lets modules be installed in a location that is accessible to all users of the computer. The CurrentUser scope lets modules be installed in a location that is available only to the current user.
</maml:para>
</maml:Description>
<command:parameterValueGroup><command:parameterValue required="false" variableLength="false">CurrentUser</command:parameterValue>
<command:parameterValue required="false" variableLength="false">AllUsers</command:parameterValue>
</command:parameterValueGroup>
<command:parameterValue required="true" variableLength="false">String</command:parameterValue>
<dev:type><maml:name>String</maml:name>
<maml:uri /></dev:type>
<dev:defaultValue>None</dev:defaultValue>
</command:parameter>
<command:parameter required="false" variableLength="true" globbing="false" pipelineInput="False" position="named" aliases="cf"><maml:name>Confirm</maml:name>
<maml:Description><maml:para>Request confrimation for any change made by the cmdlet
</maml:para>
</maml:Description>
<dev:type><maml:name>SwitchParameter</maml:name>
<maml:uri /></dev:type>
<dev:defaultValue>False</dev:defaultValue>
</command:parameter>
<command:parameter required="false" variableLength="true" globbing="false" pipelineInput="False" position="named" aliases="wi"><maml:name>WhatIf</maml:name>
<maml:Description><maml:para>Print the changes that would be made in executing the cmdlets, but do not make any changes.
</maml:para>
</maml:Description>
<dev:type><maml:name>SwitchParameter</maml:name>
<maml:uri /></dev:type>
<dev:defaultValue>False</dev:defaultValue>
</command:parameter>
</command:syntaxItem>
</command:syntax>
<command:parameters><command:parameter required="false" variableLength="true" globbing="false" pipelineInput="False" position="named" aliases="none"><maml:name>Force</maml:name>
<maml:Description><maml:para>Automatically install modules for the given profile if they are not already installed.
</maml:para>
</maml:Description>
<command:parameterValue required="false" variableLength="false">SwitchParameter</command:parameterValue>
<dev:type><maml:name>SwitchParameter</maml:name>
<maml:uri /></dev:type>
<dev:defaultValue>False</dev:defaultValue>
</command:parameter>
<command:parameter required="false" variableLength="true" globbing="false" pipelineInput="False" position="1" aliases="none"><maml:name>Module</maml:name>
<maml:Description><maml:para>The module name to be used.
</maml:para>
</maml:Description>
<command:parameterValue required="true" variableLength="false">Array</command:parameterValue>
<dev:type><maml:name>Array</maml:name>
<maml:uri /></dev:type>
<dev:defaultValue>None</dev:defaultValue>
</command:parameter>
<command:parameter required="true" variableLength="true" globbing="false" pipelineInput="True (ByValue)" position="0" aliases="none"><maml:name>Profile</maml:name>
<maml:Description><maml:para>The profile version to load in the current PowerShell session.
</maml:para>
</maml:Description>
<command:parameterValue required="true" variableLength="false">String</command:parameterValue>
<dev:type><maml:name>String</maml:name>
<maml:uri /></dev:type>
<dev:defaultValue>None</dev:defaultValue>
</command:parameter>
<command:parameter required="false" variableLength="true" globbing="false" pipelineInput="False" position="named" aliases="none"><maml:name>Scope</maml:name>
<maml:Description><maml:para>Specifies the installation scope of the modules. The acceptable values for this parameter are: AllUsers and CurrentUser. The AllUsers scope lets modules be installed in a location that is accessible to all users of the computer. The CurrentUser scope lets modules be installed in a location that is available only to the current user.
</maml:para>
</maml:Description>
<command:parameterValue required="true" variableLength="false">String</command:parameterValue>
<dev:type><maml:name>String</maml:name>
<maml:uri /></dev:type>
<dev:defaultValue>None</dev:defaultValue>
</command:parameter>
<command:parameter required="false" variableLength="true" globbing="false" pipelineInput="False" position="named" aliases="cf"><maml:name>Confirm</maml:name>
<maml:Description><maml:para>Request confrimation for any change made by the cmdlet
</maml:para>
</maml:Description>
<command:parameterValue required="false" variableLength="false">SwitchParameter</command:parameterValue>
<dev:type><maml:name>SwitchParameter</maml:name>
<maml:uri /></dev:type>
<dev:defaultValue>False</dev:defaultValue>
</command:parameter>
<command:parameter required="false" variableLength="true" globbing="false" pipelineInput="False" position="named" aliases="wi"><maml:name>WhatIf</maml:name>
<maml:Description><maml:para>Print the changes that would be made in executing the cmdlets, but do not make any changes.
</maml:para>
</maml:Description>
<command:parameterValue required="false" variableLength="false">SwitchParameter</command:parameterValue>
<dev:type><maml:name>SwitchParameter</maml:name>
<maml:uri /></dev:type>
<dev:defaultValue>False</dev:defaultValue>
</command:parameter>
</command:parameters>
<command:inputTypes><command:inputType><dev:type><maml:name>None</maml:name>
</dev:type>
<maml:description><maml:para>
</maml:para>
</maml:description>
</command:inputType>
</command:inputTypes>
<command:returnValues><command:returnValue><dev:type><maml:name>None</maml:name>
</dev:type>
<maml:description><maml:para>
</maml:para>
</maml:description>
</command:returnValue>
</command:returnValues>
<maml:alertSet><maml:alert><maml:para>
</maml:para>
</maml:alert>
</maml:alertSet>
<command:examples><command:example><maml:title>Example 1</maml:title>
<dev:code>PS C:\&gt; Use-AzProfile -Profile '2017-03-09-profile'</dev:code>
<dev:remarks><maml:para>Load the modules associated with profile version '2017-03-09-profile' in the current session.  This should be executed after opening a new PowerShell session.
</maml:para>
</dev:remarks>
</command:example>
<command:example><maml:title>Example 2</maml:title>
<dev:code>PS C:\&gt; Use-AzProfile -Profile 'Latest' -Module 'Az' -Scope 'CurrentUser' -Force</dev:code>
<dev:remarks><maml:para>Load the module 'Az' associated with profile version 'Latest' in the current session. It downloads and installs from online gallery in the 'CurrentUser' scope if not already installed. This should be executed after opening a new PowerShell session.
</maml:para>
</dev:remarks>
</command:example>
</command:examples>
<command:relatedLinks></command:relatedLinks>
</command:command>
</helpItems>
