<?xml version="1.0" encoding="utf-8"?>
<helpItems schema="maml" xmlns="http://msh">
  <command:command xmlns:maml="http://schemas.microsoft.com/maml/2004/10" xmlns:command="http://schemas.microsoft.com/maml/dev/command/2004/10" xmlns:dev="http://schemas.microsoft.com/maml/dev/2004/10" xmlns:MSHelp="http://msdn.microsoft.com/mshelp">
    <command:details>
      <command:name>Get-AzureRmMarketplaceTerms</command:name>
      <command:verb>Get</command:verb>
      <command:noun>AzureRmMarketplaceTerms</command:noun>
      <maml:description>
        <maml:para>Get the agreement terms for a given publisher id(Publisher), offer id(Product) and plan id(Name). The terms object which is returned by this command should be passed to Set-AzureRmMarketplaceTerms to accept the legal terms.</maml:para>
      </maml:description>
    </command:details>
    <maml:description>
      <maml:para>The Get-AzureRmMarketplaceTerms cmdlet returns terms for given publisher id(Publisher), offer id(Product) and plan id(Name) tuple.</maml:para>
    </maml:description>
    <command:syntax>
      <command:syntaxItem>
        <maml:name>Get-AzureRmMarketplaceTerms</maml:name>
        <command:parameter required="false" variableLength="true" globbing="false" pipelineInput="False" position="named" aliases="AzureRmContext, AzureCredential">
          <maml:name>DefaultProfile</maml:name>
          <maml:description>
            <maml:para>The credentials, account, tenant, and subscription used for communication with azure.</maml:para>
          </maml:description>
          <command:parameterValue required="true" variableLength="false">Microsoft.Azure.Commands.Common.Authentication.Abstractions.IAzureContextContainer</command:parameterValue>
          <dev:type>
            <maml:name>Microsoft.Azure.Commands.Common.Authentication.Abstractions.IAzureContextContainer</maml:name>
            <maml:uri />
          </dev:type>
          <dev:defaultValue>None</dev:defaultValue>
        </command:parameter>
        <command:parameter required="true" variableLength="true" globbing="false" pipelineInput="False" position="named" aliases="none">
          <maml:name>Name</maml:name>
          <maml:description>
            <maml:para>Plan identifier string of image being deployed.</maml:para>
          </maml:description>
          <command:parameterValue required="true" variableLength="false">System.String</command:parameterValue>
          <dev:type>
            <maml:name>System.String</maml:name>
            <maml:uri />
          </dev:type>
          <dev:defaultValue>None</dev:defaultValue>
        </command:parameter>
        <command:parameter required="true" variableLength="true" globbing="false" pipelineInput="False" position="named" aliases="none">
          <maml:name>Product</maml:name>
          <maml:description>
            <maml:para>Offer identifier string of image being deployed.</maml:para>
          </maml:description>
          <command:parameterValue required="true" variableLength="false">System.String</command:parameterValue>
          <dev:type>
            <maml:name>System.String</maml:name>
            <maml:uri />
          </dev:type>
          <dev:defaultValue>None</dev:defaultValue>
        </command:parameter>
        <command:parameter required="true" variableLength="true" globbing="false" pipelineInput="False" position="named" aliases="none">
          <maml:name>Publisher</maml:name>
          <maml:description>
            <maml:para>Publisher identifier string of image being deployed.</maml:para>
          </maml:description>
          <command:parameterValue required="true" variableLength="false">System.String</command:parameterValue>
          <dev:type>
            <maml:name>System.String</maml:name>
            <maml:uri />
          </dev:type>
          <dev:defaultValue>None</dev:defaultValue>
        </command:parameter>
      </command:syntaxItem>
    </command:syntax>
    <command:parameters>
      <command:parameter required="false" variableLength="true" globbing="false" pipelineInput="False" position="named" aliases="AzureRmContext, AzureCredential">
        <maml:name>DefaultProfile</maml:name>
        <maml:description>
          <maml:para>The credentials, account, tenant, and subscription used for communication with azure.</maml:para>
        </maml:description>
        <command:parameterValue required="true" variableLength="false">Microsoft.Azure.Commands.Common.Authentication.Abstractions.IAzureContextContainer</command:parameterValue>
        <dev:type>
          <maml:name>Microsoft.Azure.Commands.Common.Authentication.Abstractions.IAzureContextContainer</maml:name>
          <maml:uri />
        </dev:type>
        <dev:defaultValue>None</dev:defaultValue>
      </command:parameter>
      <command:parameter required="true" variableLength="true" globbing="false" pipelineInput="False" position="named" aliases="none">
        <maml:name>Name</maml:name>
        <maml:description>
          <maml:para>Plan identifier string of image being deployed.</maml:para>
        </maml:description>
        <command:parameterValue required="true" variableLength="false">System.String</command:parameterValue>
        <dev:type>
          <maml:name>System.String</maml:name>
          <maml:uri />
        </dev:type>
        <dev:defaultValue>None</dev:defaultValue>
      </command:parameter>
      <command:parameter required="true" variableLength="true" globbing="false" pipelineInput="False" position="named" aliases="none">
        <maml:name>Product</maml:name>
        <maml:description>
          <maml:para>Offer identifier string of image being deployed.</maml:para>
        </maml:description>
        <command:parameterValue required="true" variableLength="false">System.String</command:parameterValue>
        <dev:type>
          <maml:name>System.String</maml:name>
          <maml:uri />
        </dev:type>
        <dev:defaultValue>None</dev:defaultValue>
      </command:parameter>
      <command:parameter required="true" variableLength="true" globbing="false" pipelineInput="False" position="named" aliases="none">
        <maml:name>Publisher</maml:name>
        <maml:description>
          <maml:para>Publisher identifier string of image being deployed.</maml:para>
        </maml:description>
        <command:parameterValue required="true" variableLength="false">System.String</command:parameterValue>
        <dev:type>
          <maml:name>System.String</maml:name>
          <maml:uri />
        </dev:type>
        <dev:defaultValue>None</dev:defaultValue>
      </command:parameter>
    </command:parameters>
    <command:inputTypes>
      <command:inputType>
        <dev:type>
          <maml:name>None</maml:name>
        </dev:type>
        <maml:description>
          <maml:para></maml:para>
        </maml:description>
      </command:inputType>
    </command:inputTypes>
    <command:returnValues>
      <command:returnValue>
        <dev:type>
          <maml:name>Microsoft.Azure.Commands.MarketplaceOrdering.Models.PSAgreementTerms</maml:name>
        </dev:type>
        <maml:description>
          <maml:para></maml:para>
        </maml:description>
      </command:returnValue>
    </command:returnValues>
    <maml:alertSet>
      <maml:alert>
        <maml:para></maml:para>
      </maml:alert>
    </maml:alertSet>
    <command:examples>
      <command:example>
        <maml:title>-------------------------- Example 1 --------------------------</maml:title>
        <dev:code>PS C:\&gt; Get-AzureRmMarketplaceTerms -Publisher "microsoft-ads" -Product "windows-data-science-vm" -Name "windows2016"
Publisher         : microsoft-ads
Product           : windows-data-science-vm
Plan              : windows2016
LicenseTextLink   : &lt;LicenseTextLink&gt;
PrivacyPolicyLink : &lt;PrivacyPolicyLink&gt;
Signature         : &lt;Signature&gt;
Accepted          : True
RetrieveDatetime  : &lt;RetrieveDatetime&gt;</dev:code>
        <dev:remarks>
          <maml:para></maml:para>
<maml:para></maml:para>
<maml:para></maml:para>
        </dev:remarks>
      </command:example>
    </command:examples>
    <command:relatedLinks>
      <maml:navigationLink>
        <maml:linkText>Online Version:</maml:linkText>
        <maml:uri>https://docs.microsoft.com/en-us/powershell/module/azurerm.marketplaceordering/get-azurermmarketplaceterms</maml:uri>
      </maml:navigationLink>
    </command:relatedLinks>
  </command:command>
  <command:command xmlns:maml="http://schemas.microsoft.com/maml/2004/10" xmlns:command="http://schemas.microsoft.com/maml/dev/command/2004/10" xmlns:dev="http://schemas.microsoft.com/maml/dev/2004/10" xmlns:MSHelp="http://msdn.microsoft.com/mshelp">
    <command:details>
      <command:name>Set-AzureRmMarketplaceTerms</command:name>
      <command:verb>Set</command:verb>
      <command:noun>AzureRmMarketplaceTerms</command:noun>
      <maml:description>
        <maml:para>Accept or reject terms for a given publisher id(Publisher), offer id(Product) and plan id(Name). Please use Get-AzureRmMarketplaceTerms to get the agreement terms.</maml:para>
      </maml:description>
    </command:details>
    <maml:description>
      <maml:para>The Set-AzureRmMarketplaceTerms cmdlet saves the terms object for given publisher id(Publisher), offer id(Product) and plan id(Name) tuple.</maml:para>
    </maml:description>
    <command:syntax>
      <command:syntaxItem>
        <maml:name>Set-AzureRmMarketplaceTerms</maml:name>
        <command:parameter required="true" variableLength="true" globbing="false" pipelineInput="False" position="named" aliases="none">
          <maml:name>Accept</maml:name>
          <maml:description>
            <maml:para>Pass this to accept the legal terms.</maml:para>
          </maml:description>
          <dev:type>
            <maml:name>System.Management.Automation.SwitchParameter</maml:name>
            <maml:uri />
          </dev:type>
          <dev:defaultValue>False</dev:defaultValue>
        </command:parameter>
        <command:parameter required="false" variableLength="true" globbing="false" pipelineInput="False" position="named" aliases="AzureRmContext, AzureCredential">
          <maml:name>DefaultProfile</maml:name>
          <maml:description>
            <maml:para>The credentials, account, tenant, and subscription used for communication with azure.</maml:para>
          </maml:description>
          <command:parameterValue required="true" variableLength="false">Microsoft.Azure.Commands.Common.Authentication.Abstractions.IAzureContextContainer</command:parameterValue>
          <dev:type>
            <maml:name>Microsoft.Azure.Commands.Common.Authentication.Abstractions.IAzureContextContainer</maml:name>
            <maml:uri />
          </dev:type>
          <dev:defaultValue>None</dev:defaultValue>
        </command:parameter>
        <command:parameter required="true" variableLength="true" globbing="false" pipelineInput="False" position="named" aliases="none">
          <maml:name>Name</maml:name>
          <maml:description>
            <maml:para>Plan identifier string of image being deployed.</maml:para>
          </maml:description>
          <command:parameterValue required="true" variableLength="false">System.String</command:parameterValue>
          <dev:type>
            <maml:name>System.String</maml:name>
            <maml:uri />
          </dev:type>
          <dev:defaultValue>None</dev:defaultValue>
        </command:parameter>
        <command:parameter required="true" variableLength="true" globbing="false" pipelineInput="False" position="named" aliases="none">
          <maml:name>Product</maml:name>
          <maml:description>
            <maml:para>Offer identifier string of image being deployed.</maml:para>
          </maml:description>
          <command:parameterValue required="true" variableLength="false">System.String</command:parameterValue>
          <dev:type>
            <maml:name>System.String</maml:name>
            <maml:uri />
          </dev:type>
          <dev:defaultValue>None</dev:defaultValue>
        </command:parameter>
        <command:parameter required="true" variableLength="true" globbing="false" pipelineInput="False" position="named" aliases="none">
          <maml:name>Publisher</maml:name>
          <maml:description>
            <maml:para>Publisher identifier string of image being deployed.</maml:para>
          </maml:description>
          <command:parameterValue required="true" variableLength="false">System.String</command:parameterValue>
          <dev:type>
            <maml:name>System.String</maml:name>
            <maml:uri />
          </dev:type>
          <dev:defaultValue>None</dev:defaultValue>
        </command:parameter>
        <command:parameter required="false" variableLength="true" globbing="false" pipelineInput="False" position="named" aliases="none">
          <maml:name>Terms</maml:name>
          <maml:description>
            <maml:para>Terms object returned in Get-AzureRmMarketplaceTerms cmdlet. This is a mandatory parameter if Accepted paramter is true.</maml:para>
          </maml:description>
          <command:parameterValue required="true" variableLength="false">Microsoft.Azure.Commands.MarketplaceOrdering.Models.PSAgreementTerms</command:parameterValue>
          <dev:type>
            <maml:name>Microsoft.Azure.Commands.MarketplaceOrdering.Models.PSAgreementTerms</maml:name>
            <maml:uri />
          </dev:type>
          <dev:defaultValue>None</dev:defaultValue>
        </command:parameter>
        <command:parameter required="false" variableLength="true" globbing="false" pipelineInput="False" position="named" aliases="cf">
          <maml:name>Confirm</maml:name>
          <maml:description>
            <maml:para>Prompts you for confirmation before running the cmdlet.</maml:para>
          </maml:description>
          <dev:type>
            <maml:name>System.Management.Automation.SwitchParameter</maml:name>
            <maml:uri />
          </dev:type>
          <dev:defaultValue>False</dev:defaultValue>
        </command:parameter>
        <command:parameter required="false" variableLength="true" globbing="false" pipelineInput="False" position="named" aliases="wi">
          <maml:name>WhatIf</maml:name>
          <maml:description>
            <maml:para>Shows what would happen if the cmdlet runs. The cmdlet is not run.</maml:para>
          </maml:description>
          <dev:type>
            <maml:name>System.Management.Automation.SwitchParameter</maml:name>
            <maml:uri />
          </dev:type>
          <dev:defaultValue>False</dev:defaultValue>
        </command:parameter>
      </command:syntaxItem>
      <command:syntaxItem>
        <maml:name>Set-AzureRmMarketplaceTerms</maml:name>
        <command:parameter required="true" variableLength="true" globbing="false" pipelineInput="True (ByValue)" position="0" aliases="none">
          <maml:name>InputObject</maml:name>
          <maml:description>
            <maml:para>Terms object returned in Get-AzureRmMarketplaceTerms cmdlet. This is a mandatory parameter if Accepted paramter is true.</maml:para>
          </maml:description>
          <command:parameterValue required="true" variableLength="false">Microsoft.Azure.Commands.MarketplaceOrdering.Models.PSAgreementTerms</command:parameterValue>
          <dev:type>
            <maml:name>Microsoft.Azure.Commands.MarketplaceOrdering.Models.PSAgreementTerms</maml:name>
            <maml:uri />
          </dev:type>
          <dev:defaultValue>None</dev:defaultValue>
        </command:parameter>
        <command:parameter required="true" variableLength="true" globbing="false" pipelineInput="False" position="named" aliases="none">
          <maml:name>Accept</maml:name>
          <maml:description>
            <maml:para>Pass this to accept the legal terms.</maml:para>
          </maml:description>
          <dev:type>
            <maml:name>System.Management.Automation.SwitchParameter</maml:name>
            <maml:uri />
          </dev:type>
          <dev:defaultValue>False</dev:defaultValue>
        </command:parameter>
        <command:parameter required="false" variableLength="true" globbing="false" pipelineInput="False" position="named" aliases="AzureRmContext, AzureCredential">
          <maml:name>DefaultProfile</maml:name>
          <maml:description>
            <maml:para>The credentials, account, tenant, and subscription used for communication with azure.</maml:para>
          </maml:description>
          <command:parameterValue required="true" variableLength="false">Microsoft.Azure.Commands.Common.Authentication.Abstractions.IAzureContextContainer</command:parameterValue>
          <dev:type>
            <maml:name>Microsoft.Azure.Commands.Common.Authentication.Abstractions.IAzureContextContainer</maml:name>
            <maml:uri />
          </dev:type>
          <dev:defaultValue>None</dev:defaultValue>
        </command:parameter>
        <command:parameter required="false" variableLength="true" globbing="false" pipelineInput="False" position="named" aliases="cf">
          <maml:name>Confirm</maml:name>
          <maml:description>
            <maml:para>Prompts you for confirmation before running the cmdlet.</maml:para>
          </maml:description>
          <dev:type>
            <maml:name>System.Management.Automation.SwitchParameter</maml:name>
            <maml:uri />
          </dev:type>
          <dev:defaultValue>False</dev:defaultValue>
        </command:parameter>
        <command:parameter required="false" variableLength="true" globbing="false" pipelineInput="False" position="named" aliases="wi">
          <maml:name>WhatIf</maml:name>
          <maml:description>
            <maml:para>Shows what would happen if the cmdlet runs. The cmdlet is not run.</maml:para>
          </maml:description>
          <dev:type>
            <maml:name>System.Management.Automation.SwitchParameter</maml:name>
            <maml:uri />
          </dev:type>
          <dev:defaultValue>False</dev:defaultValue>
        </command:parameter>
      </command:syntaxItem>
      <command:syntaxItem>
        <maml:name>Set-AzureRmMarketplaceTerms</maml:name>
        <command:parameter required="true" variableLength="true" globbing="false" pipelineInput="True (ByValue)" position="0" aliases="none">
          <maml:name>InputObject</maml:name>
          <maml:description>
            <maml:para>Terms object returned in Get-AzureRmMarketplaceTerms cmdlet. This is a mandatory parameter if Accepted paramter is true.</maml:para>
          </maml:description>
          <command:parameterValue required="true" variableLength="false">Microsoft.Azure.Commands.MarketplaceOrdering.Models.PSAgreementTerms</command:parameterValue>
          <dev:type>
            <maml:name>Microsoft.Azure.Commands.MarketplaceOrdering.Models.PSAgreementTerms</maml:name>
            <maml:uri />
          </dev:type>
          <dev:defaultValue>None</dev:defaultValue>
        </command:parameter>
        <command:parameter required="false" variableLength="true" globbing="false" pipelineInput="False" position="named" aliases="AzureRmContext, AzureCredential">
          <maml:name>DefaultProfile</maml:name>
          <maml:description>
            <maml:para>The credentials, account, tenant, and subscription used for communication with azure.</maml:para>
          </maml:description>
          <command:parameterValue required="true" variableLength="false">Microsoft.Azure.Commands.Common.Authentication.Abstractions.IAzureContextContainer</command:parameterValue>
          <dev:type>
            <maml:name>Microsoft.Azure.Commands.Common.Authentication.Abstractions.IAzureContextContainer</maml:name>
            <maml:uri />
          </dev:type>
          <dev:defaultValue>None</dev:defaultValue>
        </command:parameter>
        <command:parameter required="true" variableLength="true" globbing="false" pipelineInput="False" position="named" aliases="none">
          <maml:name>Reject</maml:name>
          <maml:description>
            <maml:para>Pass this to reject the legal terms.</maml:para>
          </maml:description>
          <dev:type>
            <maml:name>System.Management.Automation.SwitchParameter</maml:name>
            <maml:uri />
          </dev:type>
          <dev:defaultValue>False</dev:defaultValue>
        </command:parameter>
        <command:parameter required="false" variableLength="true" globbing="false" pipelineInput="False" position="named" aliases="cf">
          <maml:name>Confirm</maml:name>
          <maml:description>
            <maml:para>Prompts you for confirmation before running the cmdlet.</maml:para>
          </maml:description>
          <dev:type>
            <maml:name>System.Management.Automation.SwitchParameter</maml:name>
            <maml:uri />
          </dev:type>
          <dev:defaultValue>False</dev:defaultValue>
        </command:parameter>
        <command:parameter required="false" variableLength="true" globbing="false" pipelineInput="False" position="named" aliases="wi">
          <maml:name>WhatIf</maml:name>
          <maml:description>
            <maml:para>Shows what would happen if the cmdlet runs. The cmdlet is not run.</maml:para>
          </maml:description>
          <dev:type>
            <maml:name>System.Management.Automation.SwitchParameter</maml:name>
            <maml:uri />
          </dev:type>
          <dev:defaultValue>False</dev:defaultValue>
        </command:parameter>
      </command:syntaxItem>
      <command:syntaxItem>
        <maml:name>Set-AzureRmMarketplaceTerms</maml:name>
        <command:parameter required="false" variableLength="true" globbing="false" pipelineInput="False" position="named" aliases="AzureRmContext, AzureCredential">
          <maml:name>DefaultProfile</maml:name>
          <maml:description>
            <maml:para>The credentials, account, tenant, and subscription used for communication with azure.</maml:para>
          </maml:description>
          <command:parameterValue required="true" variableLength="false">Microsoft.Azure.Commands.Common.Authentication.Abstractions.IAzureContextContainer</command:parameterValue>
          <dev:type>
            <maml:name>Microsoft.Azure.Commands.Common.Authentication.Abstractions.IAzureContextContainer</maml:name>
            <maml:uri />
          </dev:type>
          <dev:defaultValue>None</dev:defaultValue>
        </command:parameter>
        <command:parameter required="true" variableLength="true" globbing="false" pipelineInput="False" position="named" aliases="none">
          <maml:name>Name</maml:name>
          <maml:description>
            <maml:para>Plan identifier string of image being deployed.</maml:para>
          </maml:description>
          <command:parameterValue required="true" variableLength="false">System.String</command:parameterValue>
          <dev:type>
            <maml:name>System.String</maml:name>
            <maml:uri />
          </dev:type>
          <dev:defaultValue>None</dev:defaultValue>
        </command:parameter>
        <command:parameter required="true" variableLength="true" globbing="false" pipelineInput="False" position="named" aliases="none">
          <maml:name>Product</maml:name>
          <maml:description>
            <maml:para>Offer identifier string of image being deployed.</maml:para>
          </maml:description>
          <command:parameterValue required="true" variableLength="false">System.String</command:parameterValue>
          <dev:type>
            <maml:name>System.String</maml:name>
            <maml:uri />
          </dev:type>
          <dev:defaultValue>None</dev:defaultValue>
        </command:parameter>
        <command:parameter required="true" variableLength="true" globbing="false" pipelineInput="False" position="named" aliases="none">
          <maml:name>Publisher</maml:name>
          <maml:description>
            <maml:para>Publisher identifier string of image being deployed.</maml:para>
          </maml:description>
          <command:parameterValue required="true" variableLength="false">System.String</command:parameterValue>
          <dev:type>
            <maml:name>System.String</maml:name>
            <maml:uri />
          </dev:type>
          <dev:defaultValue>None</dev:defaultValue>
        </command:parameter>
        <command:parameter required="true" variableLength="true" globbing="false" pipelineInput="False" position="named" aliases="none">
          <maml:name>Reject</maml:name>
          <maml:description>
            <maml:para>Pass this to reject the legal terms.</maml:para>
          </maml:description>
          <dev:type>
            <maml:name>System.Management.Automation.SwitchParameter</maml:name>
            <maml:uri />
          </dev:type>
          <dev:defaultValue>False</dev:defaultValue>
        </command:parameter>
        <command:parameter required="false" variableLength="true" globbing="false" pipelineInput="False" position="named" aliases="none">
          <maml:name>Terms</maml:name>
          <maml:description>
            <maml:para>Terms object returned in Get-AzureRmMarketplaceTerms cmdlet. This is a mandatory parameter if Accepted paramter is true.</maml:para>
          </maml:description>
          <command:parameterValue required="true" variableLength="false">Microsoft.Azure.Commands.MarketplaceOrdering.Models.PSAgreementTerms</command:parameterValue>
          <dev:type>
            <maml:name>Microsoft.Azure.Commands.MarketplaceOrdering.Models.PSAgreementTerms</maml:name>
            <maml:uri />
          </dev:type>
          <dev:defaultValue>None</dev:defaultValue>
        </command:parameter>
        <command:parameter required="false" variableLength="true" globbing="false" pipelineInput="False" position="named" aliases="cf">
          <maml:name>Confirm</maml:name>
          <maml:description>
            <maml:para>Prompts you for confirmation before running the cmdlet.</maml:para>
          </maml:description>
          <dev:type>
            <maml:name>System.Management.Automation.SwitchParameter</maml:name>
            <maml:uri />
          </dev:type>
          <dev:defaultValue>False</dev:defaultValue>
        </command:parameter>
        <command:parameter required="false" variableLength="true" globbing="false" pipelineInput="False" position="named" aliases="wi">
          <maml:name>WhatIf</maml:name>
          <maml:description>
            <maml:para>Shows what would happen if the cmdlet runs. The cmdlet is not run.</maml:para>
          </maml:description>
          <dev:type>
            <maml:name>System.Management.Automation.SwitchParameter</maml:name>
            <maml:uri />
          </dev:type>
          <dev:defaultValue>False</dev:defaultValue>
        </command:parameter>
      </command:syntaxItem>
    </command:syntax>
    <command:parameters>
      <command:parameter required="true" variableLength="true" globbing="false" pipelineInput="False" position="named" aliases="none">
        <maml:name>Accept</maml:name>
        <maml:description>
          <maml:para>Pass this to accept the legal terms.</maml:para>
        </maml:description>
        <command:parameterValue required="true" variableLength="false">System.Management.Automation.SwitchParameter</command:parameterValue>
        <dev:type>
          <maml:name>System.Management.Automation.SwitchParameter</maml:name>
          <maml:uri />
        </dev:type>
        <dev:defaultValue>False</dev:defaultValue>
      </command:parameter>
      <command:parameter required="false" variableLength="true" globbing="false" pipelineInput="False" position="named" aliases="AzureRmContext, AzureCredential">
        <maml:name>DefaultProfile</maml:name>
        <maml:description>
          <maml:para>The credentials, account, tenant, and subscription used for communication with azure.</maml:para>
        </maml:description>
        <command:parameterValue required="true" variableLength="false">Microsoft.Azure.Commands.Common.Authentication.Abstractions.IAzureContextContainer</command:parameterValue>
        <dev:type>
          <maml:name>Microsoft.Azure.Commands.Common.Authentication.Abstractions.IAzureContextContainer</maml:name>
          <maml:uri />
        </dev:type>
        <dev:defaultValue>None</dev:defaultValue>
      </command:parameter>
      <command:parameter required="true" variableLength="true" globbing="false" pipelineInput="True (ByValue)" position="0" aliases="none">
        <maml:name>InputObject</maml:name>
        <maml:description>
          <maml:para>Terms object returned in Get-AzureRmMarketplaceTerms cmdlet. This is a mandatory parameter if Accepted paramter is true.</maml:para>
        </maml:description>
        <command:parameterValue required="true" variableLength="false">Microsoft.Azure.Commands.MarketplaceOrdering.Models.PSAgreementTerms</command:parameterValue>
        <dev:type>
          <maml:name>Microsoft.Azure.Commands.MarketplaceOrdering.Models.PSAgreementTerms</maml:name>
          <maml:uri />
        </dev:type>
        <dev:defaultValue>None</dev:defaultValue>
      </command:parameter>
      <command:parameter required="true" variableLength="true" globbing="false" pipelineInput="False" position="named" aliases="none">
        <maml:name>Name</maml:name>
        <maml:description>
          <maml:para>Plan identifier string of image being deployed.</maml:para>
        </maml:description>
        <command:parameterValue required="true" variableLength="false">System.String</command:parameterValue>
        <dev:type>
          <maml:name>System.String</maml:name>
          <maml:uri />
        </dev:type>
        <dev:defaultValue>None</dev:defaultValue>
      </command:parameter>
      <command:parameter required="true" variableLength="true" globbing="false" pipelineInput="False" position="named" aliases="none">
        <maml:name>Product</maml:name>
        <maml:description>
          <maml:para>Offer identifier string of image being deployed.</maml:para>
        </maml:description>
        <command:parameterValue required="true" variableLength="false">System.String</command:parameterValue>
        <dev:type>
          <maml:name>System.String</maml:name>
          <maml:uri />
        </dev:type>
        <dev:defaultValue>None</dev:defaultValue>
      </command:parameter>
      <command:parameter required="true" variableLength="true" globbing="false" pipelineInput="False" position="named" aliases="none">
        <maml:name>Publisher</maml:name>
        <maml:description>
          <maml:para>Publisher identifier string of image being deployed.</maml:para>
        </maml:description>
        <command:parameterValue required="true" variableLength="false">System.String</command:parameterValue>
        <dev:type>
          <maml:name>System.String</maml:name>
          <maml:uri />
        </dev:type>
        <dev:defaultValue>None</dev:defaultValue>
      </command:parameter>
      <command:parameter required="true" variableLength="true" globbing="false" pipelineInput="False" position="named" aliases="none">
        <maml:name>Reject</maml:name>
        <maml:description>
          <maml:para>Pass this to reject the legal terms.</maml:para>
        </maml:description>
        <command:parameterValue required="true" variableLength="false">System.Management.Automation.SwitchParameter</command:parameterValue>
        <dev:type>
          <maml:name>System.Management.Automation.SwitchParameter</maml:name>
          <maml:uri />
        </dev:type>
        <dev:defaultValue>False</dev:defaultValue>
      </command:parameter>
      <command:parameter required="false" variableLength="true" globbing="false" pipelineInput="False" position="named" aliases="none">
        <maml:name>Terms</maml:name>
        <maml:description>
          <maml:para>Terms object returned in Get-AzureRmMarketplaceTerms cmdlet. This is a mandatory parameter if Accepted paramter is true.</maml:para>
        </maml:description>
        <command:parameterValue required="true" variableLength="false">Microsoft.Azure.Commands.MarketplaceOrdering.Models.PSAgreementTerms</command:parameterValue>
        <dev:type>
          <maml:name>Microsoft.Azure.Commands.MarketplaceOrdering.Models.PSAgreementTerms</maml:name>
          <maml:uri />
        </dev:type>
        <dev:defaultValue>None</dev:defaultValue>
      </command:parameter>
      <command:parameter required="false" variableLength="true" globbing="false" pipelineInput="False" position="named" aliases="cf">
        <maml:name>Confirm</maml:name>
        <maml:description>
          <maml:para>Prompts you for confirmation before running the cmdlet.</maml:para>
        </maml:description>
        <command:parameterValue required="true" variableLength="false">System.Management.Automation.SwitchParameter</command:parameterValue>
        <dev:type>
          <maml:name>System.Management.Automation.SwitchParameter</maml:name>
          <maml:uri />
        </dev:type>
        <dev:defaultValue>False</dev:defaultValue>
      </command:parameter>
      <command:parameter required="false" variableLength="true" globbing="false" pipelineInput="False" position="named" aliases="wi">
        <maml:name>WhatIf</maml:name>
        <maml:description>
          <maml:para>Shows what would happen if the cmdlet runs. The cmdlet is not run.</maml:para>
        </maml:description>
        <command:parameterValue required="true" variableLength="false">System.Management.Automation.SwitchParameter</command:parameterValue>
        <dev:type>
          <maml:name>System.Management.Automation.SwitchParameter</maml:name>
          <maml:uri />
        </dev:type>
        <dev:defaultValue>False</dev:defaultValue>
      </command:parameter>
    </command:parameters>
    <command:inputTypes>
      <command:inputType>
        <dev:type>
          <maml:name>Microsoft.Azure.Commands.MarketplaceOrdering.Models.PSAgreementTerms</maml:name>
        </dev:type>
        <maml:description>
          <maml:para>Parameters: InputObject (ByValue)</maml:para>
        </maml:description>
      </command:inputType>
    </command:inputTypes>
    <command:returnValues>
      <command:returnValue>
        <dev:type>
          <maml:name>Microsoft.Azure.Commands.MarketplaceOrdering.Models.PSAgreementTerms</maml:name>
        </dev:type>
        <maml:description>
          <maml:para></maml:para>
        </maml:description>
      </command:returnValue>
    </command:returnValues>
    <maml:alertSet>
      <maml:alert>
        <maml:para></maml:para>
      </maml:alert>
    </maml:alertSet>
    <command:examples>
      <command:example>
        <maml:title>-------------------------- Example 1 --------------------------</maml:title>
        <dev:code>PS C:\&gt; Get-AzureRmMarketplaceTerms -Publisher "microsoft-ads" -Product "windows-data-science-vm" -Name "windows2016" | Set-AzureRmMarketplaceTerms -Accept</dev:code>
        <dev:remarks>
          <maml:para></maml:para>
<maml:para></maml:para>
<maml:para></maml:para>
        </dev:remarks>
      </command:example>
      <command:example>
        <maml:title>-------------------------- Example 2 --------------------------</maml:title>
        <dev:code>PS C:\&gt; Set-AzureRmMarketplaceTerms -Publisher "microsoft-ads" -Product "windows-data-science-vm" -Name "windows2016" -Terms $agreementTerms -Accept</dev:code>
        <dev:remarks>
          <maml:para></maml:para>
<maml:para></maml:para>
<maml:para></maml:para>
        </dev:remarks>
      </command:example>
    </command:examples>
    <command:relatedLinks>
      <maml:navigationLink>
        <maml:linkText>Online Version:</maml:linkText>
        <maml:uri>https://docs.microsoft.com/en-us/powershell/module/azurerm.marketplaceordering/set-azurermmarketplaceterms</maml:uri>
      </maml:navigationLink>
    </command:relatedLinks>
  </command:command>
</helpItems>