{
  "$schema": "http://schema.management.azure.com/schemas/2015-01-01/deploymentParameters.json",
  "contentVersion": "1.0.0.0",
  "parameters": {
    "clusterLocation": {
      "value": "southcentralus"
    },
    "clusterName": {
      "value": "GEN-UNIQUE"
    },
    "adminUserName": {
      "value": "GEN-UNIQUE"
    },
    "adminPassword": {
      "value": "GEN-PASSWORD"
    },
    "vmImagePublisher": {
      "value": "MicrosoftWindowsServer"
    },
    "vmImageOffer": {
      "value": "WindowsServer"
    },
    "vmImageSku": {
      "value": "2016-Datacenter-with-Containers"
    },
    "vmImageVersion": {
      "value": "latest"
    },
    "loadBalancedAppPort1": {
      "value": 80
    },
    "loadBalancedAppPort2": {
      "value": 8081
    },
    "clusterProtectionLevel": {
      "value": "EncryptAndSign"
    },
    "certificateStoreValue": {
      "value": "My"
    },
    "certificateThumbprint": {
      "value": "GEN-CUSTOM-DOMAIN-SSLCERT-THUMBPRINT"
    },
    "sourceVaultValue": {
      "value": "GEN-KEYVAULT-RESOURCE-ID"
    },
    "certificateUrlValue": {
      "value": "GEN-KEYVAULT-SSL-SECRET-URI"
    },
    "storageAccountType": {
      "value": "Standard_LRS"
    },
    "supportLogStorageAccountType": {
      "value": "Standard_LRS"
    },
    "applicationDiagnosticsStorageAccountType": {
      "value": "Standard_LRS"
    },
    "nt0InstanceCount": {
      "value": 5
    },
    "vmNodeType0Size": {
      "value": "Standard_D2_V2"
    }
  }
}